player,season,age,team,position,games_played,games_started,minutes_per_game,rebounds_per_game,assists_per_game,steals_per_game,blocks_per_game,points_per_game,per,usage_pct,true_shooting_pct,win_shares,Box_PlusMinus,value_over_replacement,delta_points_per_game,delta_rebounds_per_game,delta_assists_per_game,delta_per,delta_usage_pct,delta_true_shooting_pct,delta_Box_PlusMinus,delta_win_shares,delta_value_over_replacement,z_delta_points_per_game,z_delta_per,z_delta_usage_pct,z_delta_true_shooting_pct,z_delta_win_shares,breakout_score,breakout
A.J. Lawson,2024-25,24.0,TOR,SG,26.0,2.0,18.7,3.3,1.2,0.5,0.2,9.1,12.7,20.0,0.542,0.8,-2.5,-0.1,,,,,,,,,,,,,,,,0
AJ Griffin,2022-23,19.0,ATL,SF,72.0,12.0,19.5,2.1,1.0,0.6,0.2,8.9,12.6,17.9,0.577,2.2,-0.8,0.4,,,,,,,,,,,,,,,,0
AJ Johnson,2024-25,20.0,2TM,SG,29.0,11.0,22.0,2.0,2.6,0.4,0.1,7.6,7.1,17.4,0.48,-0.4,-8.1,-1.0,,,,,,,,,,,,,,,,0
Aaron Holiday,2020-21,24.0,IND,PG,66.0,8.0,17.8,1.3,1.9,0.7,0.2,7.2,9.2,19.5,0.503,0.2,-4.2,-0.7,,,,,,,,,,,,,,,,0
Aaron Nesmith,2020-21,21.0,BOS,SF,46.0,1.0,14.5,2.8,0.5,0.3,0.2,4.7,9.4,13.7,0.573,1.1,-3.2,-0.2,,,,,,,,,,,,,,,,0
Aaron Nesmith,2022-23,23.0,IND,SF,73.0,60.0,24.9,3.8,1.3,0.8,0.5,10.1,10.5,16.8,0.566,2.0,-3.0,-0.4,5.3999999999999995,1.0,0.8,1.0999999999999996,3.1000000000000014,-0.007000000000000006,0.20000000000000018,0.8999999999999999,-0.2,1.4450596594500569,0.22119547436307185,0.9346627596190538,-0.2950777253009267,0.22516511788309085,0.51,0
Aaron Nesmith,2023-24,24.0,IND,SF,72.0,47.0,27.7,3.8,1.5,0.9,0.7,12.2,12.8,16.0,0.631,4.1,-0.5,0.8,2.0999999999999996,0.0,0.19999999999999996,2.3000000000000007,-0.8000000000000007,0.06500000000000006,2.5,2.0999999999999996,1.2000000000000002,0.40150855064334634,0.7352235937636203,-0.4452711240058561,1.3769347539489665,0.8676711635634453,0.59,1
Aaron Wiggins,2021-22,23.0,OKC,SG,50.0,35.0,24.2,3.6,1.4,0.6,0.2,8.3,10.3,15.3,0.556,1.2,-4.3,-0.7,,,,,,,,,,,,,,,,0
Aaron Wiggins,2022-23,24.0,OKC,SG,70.0,14.0,18.5,3.0,1.1,0.6,0.2,6.8,12.2,14.5,0.607,2.6,-2.1,0.0,-1.5000000000000009,-0.6000000000000001,-0.2999999999999998,1.8999999999999986,-0.8000000000000007,0.050999999999999934,2.1999999999999997,1.4000000000000001,0.7,-0.7369108407821562,0.5638808872967701,-0.4452711240058561,1.0518212163170402,0.49287597024990537,0.19,0
Adem Bona,2024-25,21.0,PHI,C,58.0,11.0,15.6,4.2,0.5,0.4,1.2,5.8,16.5,14.3,0.714,2.3,-2.7,-0.2,,,,,,,,,,,,,,,,0
Admiral Schofield,2021-22,24.0,ORL,SF,38.0,1.0,12.3,2.3,0.7,0.1,0.1,3.8,7.5,14.5,0.538,0.3,-5.4,-0.4,,,,,,,,,,,,,,,,0
Ajay Mitchell,2024-25,22.0,OKC,SG,36.0,1.0,16.6,1.9,1.8,0.7,0.1,6.5,12.0,16.2,0.587,1.5,-1.6,0.1,,,,,,,,,,,,,,,,0
Aleksej Pokusevski,2020-21,19.0,OKC,PF,45.0,28.0,24.2,4.7,2.2,0.4,0.9,8.2,6.1,20.5,0.43,-1.9,-6.1,-1.1,,,,,,,,,,,,,,,,0
Aleksej Pokusevski,2021-22,20.0,OKC,PF,61.0,12.0,20.2,5.2,2.1,0.6,0.6,7.6,12.0,20.0,0.485,0.4,-2.6,-0.2,-0.5999999999999996,0.5,-0.10000000000000009,5.9,-0.5,0.05499999999999999,3.4999999999999996,2.3,0.9000000000000001,-0.45230599292578016,2.2773079519652644,-0.3391223637270167,1.144710798497591,0.9747555045101712,0.72,1
Aleksej Pokusevski,2022-23,21.0,OKC,PF,34.0,25.0,20.6,4.7,1.9,0.6,1.3,8.1,13.4,18.3,0.522,1.0,0.0,0.3,0.5,-0.5,-0.20000000000000018,1.4000000000000004,-1.6999999999999993,0.03700000000000003,2.6,0.6,0.5,-0.10445562332354344,0.3497025042132092,-0.7637174048423732,0.7267076786851191,0.06453860646300222,0.05,0
Aleksej Pokusevski,2023-24,22.0,2TM,PF,28.0,0.0,14.5,3.2,1.3,0.5,0.5,5.2,12.7,17.2,0.525,0.4,-1.9,0.0,-2.8999999999999995,-1.5,-0.5999999999999999,-0.7000000000000011,-1.1000000000000014,0.0030000000000000027,-1.9,-0.6,-0.3,-1.1796294930031843,-0.5498467047377505,-0.5514198842846956,-0.06285376984955267,-0.5779674392173525,-0.58,0
Alex Sarr,2024-25,19.0,WAS,C,67.0,67.0,27.1,6.5,2.4,0.7,1.5,13.0,12.9,23.5,0.482,-0.3,-3.3,-0.6,,,,,,,,,,,,,,,,0
Alperen Sengun,2021-22,19.0,HOU,C,72.0,13.0,20.7,5.5,2.6,0.8,0.9,9.6,16.0,22.0,0.552,2.1,-1.0,0.4,,,,,,,,,,,,,,,,0
Alperen Sengun,2022-23,20.0,HOU,C,75.0,72.0,28.9,9.0,3.9,0.9,0.9,14.8,19.7,21.4,0.599,5.2,1.4,1.9,5.200000000000001,3.5,1.2999999999999998,3.6999999999999993,-0.6000000000000014,0.04699999999999993,2.4,3.1,1.5,1.3818141377041961,1.3349230663975924,-0.3745052838199636,0.9589316341364905,1.4030928682970745,0.94,1
Alperen Sengun,2023-24,21.0,HOU,C,63.0,63.0,32.5,9.3,5.0,1.2,0.7,21.1,22.0,27.0,0.585,6.9,4.9,3.5,6.300000000000001,0.3000000000000007,1.1,2.3000000000000007,5.600000000000001,-0.014000000000000012,3.5000000000000004,1.7000000000000002,1.6,1.7296645073064327,0.7352235937636203,1.8192357619427135,-0.45763449411688856,0.6535024816699941,0.9,1
Alperen Sengun,2024-25,22.0,HOU,C,76.0,76.0,31.5,10.3,4.9,1.1,0.8,19.1,21.4,26.2,0.545,8.3,4.4,3.9,-2.0,1.0,-0.09999999999999964,-0.6000000000000014,-0.8000000000000007,-0.039999999999999925,-0.5,1.4000000000000004,0.3999999999999999,-0.8950246451468089,-0.5070110281210384,-0.4452711240058561,-1.0614167782904587,0.49287597024990554,-0.48,0
Amen Thompson,2023-24,21.0,HOU,SF,62.0,23.0,22.4,6.6,2.6,1.3,0.6,9.5,18.2,18.5,0.576,4.3,1.8,1.3,,,,,,,,,,,,,,,,0
Amen Thompson,2024-25,22.0,HOU,SF,69.0,42.0,32.2,8.2,3.8,1.4,1.3,14.1,18.7,17.5,0.602,8.0,4.1,3.4,4.6,1.5999999999999996,1.1999999999999997,0.5,-1.0,0.026000000000000023,2.3,3.7,2.0999999999999996,1.1920775724666117,-0.03581858533720201,-0.5160369641917486,0.4712613276886077,1.7243458911372518,0.57,0
Amir Coffey,2021-22,24.0,LAC,SG,69.0,30.0,22.7,2.9,1.8,0.6,0.2,9.0,13.0,15.8,0.598,3.8,-0.3,0.7,,,,,,,,,,,,,,,,0
Andre Jackson Jr.,2024-25,23.0,MIL,SG,67.0,43.0,14.6,2.7,1.2,0.5,0.2,3.4,8.6,11.9,0.554,1.2,-3.4,-0.3,,,,,,,,,,,,,,,,0
Andrew Nembhard,2022-23,23.0,IND,SG,75.0,63.0,27.6,2.7,4.5,0.9,0.2,9.5,10.0,16.1,0.528,1.2,-3.2,-0.6,,,,,,,,,,,,,,,,0
Andrew Nembhard,2023-24,24.0,IND,PG,68.0,47.0,25.0,2.1,4.1,0.9,0.1,9.2,11.3,16.0,0.573,2.0,-2.2,-0.1,-0.3000000000000007,-0.6000000000000001,-0.40000000000000036,1.3000000000000007,-0.10000000000000142,0.04499999999999993,1.0,0.8,0.5,-0.3574377103069887,0.30686682759649697,-0.19759068335523167,0.9124868430462157,0.17162294740972803,0.17,0
Anfernee Simons,2020-21,21.0,POR,SG,64.0,0.0,17.3,2.2,1.4,0.3,0.1,7.8,12.3,18.3,0.589,1.8,-1.0,0.3,,,,,,,,,,,,,,,,0
Anfernee Simons,2021-22,22.0,POR,SG,57.0,30.0,29.5,2.6,3.9,0.5,0.1,17.3,15.3,24.8,0.583,1.9,-0.7,0.5,9.5,0.3999999999999999,2.5,3.0,6.5,-0.006000000000000005,0.30000000000000004,0.09999999999999987,0.2,2.7415928552402122,1.0350733300806065,2.1376820427792307,-0.2718553297557893,-0.20317224590381228,1.09,1
Anfernee Simons,2022-23,23.0,POR,SG,62.0,62.0,35.0,2.6,4.1,0.7,0.2,21.1,14.8,25.1,0.581,2.5,-1.1,0.5,3.8000000000000007,0.0,0.19999999999999973,-0.5,0.3000000000000007,-0.0020000000000000018,-0.40000000000000013,0.6000000000000001,0.0,0.9390954854831671,-0.4641753515043254,-0.056059002983445363,-0.1789657475752397,0.06453860646300227,0.06,0
Anfernee Simons,2023-24,24.0,POR,SG,46.0,46.0,34.4,3.6,5.5,0.5,0.1,22.6,15.9,28.0,0.568,2.2,0.2,0.8,1.5,1.0,1.4000000000000004,1.0999999999999996,2.8999999999999986,-0.013000000000000012,1.3,-0.2999999999999998,0.30000000000000004,0.21177198540576275,0.22119547436307185,0.8638969194331599,-0.4344120985717511,-0.41734092779726367,0.09,0
Anthony Black,2023-24,20.0,ORL,PG,69.0,33.0,16.9,2.0,1.3,0.5,0.3,4.6,8.4,12.7,0.56,1.6,-3.0,-0.3,,,,,,,,,,,,,,,,0
Anthony Black,2024-25,21.0,ORL,PG,78.0,10.0,24.2,2.9,3.1,1.1,0.6,9.4,11.6,19.6,0.521,2.4,-1.9,0.0,4.800000000000001,0.8999999999999999,1.8,3.1999999999999993,6.900000000000002,-0.039000000000000035,1.1,0.7999999999999998,0.3,1.2553230942124733,1.1207446833140309,2.279213723151017,-1.0381943827453237,0.17162294740972792,0.76,1
Anthony Edwards,2020-21,19.0,MIN,SG,72.0,55.0,32.1,4.7,2.9,1.1,0.5,19.3,13.9,27.0,0.523,0.8,-2.1,-0.1,,,,,,,,,,,,,,,,0
Anthony Edwards,2021-22,20.0,MIN,SG,72.0,72.0,34.3,4.8,3.8,1.5,0.6,21.3,16.5,26.4,0.56,4.3,1.2,2.0,2.0,0.09999999999999964,0.8999999999999999,2.5999999999999996,-0.6000000000000014,0.03700000000000003,3.3,3.5,2.1,0.3698857897704158,0.863730623613757,-0.3745052838199636,0.7267076786851191,1.6172615501905259,0.64,1
Anthony Edwards,2022-23,21.0,MIN,SG,79.0,79.0,36.0,5.8,4.4,1.6,0.7,24.6,17.4,29.9,0.564,3.8,1.0,2.1,3.3000000000000007,1.0,0.6000000000000005,0.8999999999999986,3.5,0.0039999999999998925,-0.19999999999999996,-0.5,0.10000000000000009,0.7809816811185141,0.13552412112964674,1.0761944399908387,-0.039631374304417835,-0.5244252687439895,0.29,0
Anthony Edwards,2023-24,22.0,MIN,SG,79.0,78.0,35.1,5.4,5.1,1.3,0.5,25.9,19.7,32.3,0.575,7.5,3.3,3.7,1.2999999999999972,-0.39999999999999947,0.6999999999999993,2.3000000000000007,2.3999999999999986,0.01100000000000001,2.3,3.7,1.6,0.1485264636599006,0.7352235937636203,0.686982318968428,0.12292539451154659,1.7243458911372518,0.68,1
Anthony Edwards,2024-25,23.0,MIN,SG,79.0,79.0,36.3,5.7,4.5,1.2,0.6,27.6,20.1,31.4,0.595,8.4,4.3,4.6,1.7000000000000028,0.2999999999999998,-0.5999999999999996,0.40000000000000213,-0.8999999999999986,0.020000000000000018,1.0,0.9000000000000004,0.8999999999999995,0.2750175071516249,-0.07865426195391344,-0.48065404409880175,0.33192695441778325,0.22516511788309107,0.05,0
Anthony Lamb,2020-21,23.0,HOU,SF,24.0,3.0,17.3,2.9,1.0,0.3,0.2,5.5,8.7,15.0,0.523,0.2,-6.1,-0.4,,,,,,,,,,,,,,,,0
Antonio Reeves,2024-25,24.0,NOP,SG,44.0,6.0,15.0,1.4,0.9,0.5,0.1,6.9,11.7,18.8,0.579,0.4,-3.2,-0.2,,,,,,,,,,,,,,,,0
Armoni Brooks,2020-21,22.0,HOU,SG,20.0,5.0,26.0,3.4,1.5,0.6,0.3,11.2,10.4,17.9,0.565,0.3,-3.2,-0.2,,,,,,,,,,,,,,,,0
Armoni Brooks,2021-22,23.0,2TM,SG,54.0,11.0,15.6,1.9,1.1,0.5,0.2,5.3,8.4,16.4,0.483,0.2,-3.9,-0.4,-5.8999999999999995,-1.5,-0.3999999999999999,-2.0,-1.5,-0.08199999999999996,-0.6999999999999997,-0.09999999999999998,-0.2,-2.1283123191911026,-1.1067105007550104,-0.6929515646564806,-2.0367573911862293,-0.310256586850538,-1.25,0
Ausar Thompson,2023-24,21.0,DET,SF,63.0,38.0,25.1,6.4,1.9,1.1,0.9,8.8,12.8,16.6,0.522,1.8,-2.2,-0.1,,,,,,,,,,,,,,,,0
Ausar Thompson,2024-25,22.0,DET,SF,59.0,48.0,22.5,5.1,2.3,1.7,0.7,10.1,17.2,19.1,0.568,3.8,1.7,1.2,1.299999999999999,-1.3000000000000007,0.3999999999999999,4.399999999999999,2.5,0.04599999999999993,3.9000000000000004,1.9999999999999998,1.3,0.1485264636599012,1.6347728027145785,0.722365239061375,0.9357092385913531,0.8141289930900826,0.85,1
Austin Reaves,2021-22,23.0,LAL,SG,61.0,19.0,23.2,3.2,1.8,0.5,0.3,7.3,11.5,12.4,0.6,2.9,-1.9,0.0,,,,,,,,,,,,,,,,0
Austin Reaves,2022-23,24.0,LAL,SG,64.0,22.0,28.8,3.0,3.4,0.5,0.3,13.0,14.9,16.2,0.687,5.4,0.7,1.2,5.7,-0.20000000000000018,1.5999999999999999,3.4000000000000004,3.799999999999999,0.08700000000000008,2.5999999999999996,2.5000000000000004,1.2,1.539927942068849,1.2064160365474559,1.1823432002696777,1.8878274559419894,1.0818398454568974,1.38,1
Ayo Dosunmu,2021-22,22.0,CHI,SG,77.0,40.0,27.4,2.8,3.3,0.8,0.4,8.8,11.2,14.1,0.596,3.0,-2.0,0.0,,,,,,,,,,,,,,,,0
Ayo Dosunmu,2022-23,23.0,CHI,SG,80.0,51.0,26.2,2.8,2.6,0.8,0.3,8.6,10.2,14.9,0.567,2.9,-2.5,-0.2,-0.20000000000000107,0.0,-0.6999999999999997,-1.0,0.8000000000000007,-0.029000000000000026,-0.5,-0.10000000000000009,-0.2,-0.32581494943405814,-0.6783537345878871,0.12085559748128658,-0.8059704272939497,-0.31025658685053803,-0.4,0
Ayo Dosunmu,2023-24,24.0,CHI,SG,76.0,37.0,29.1,2.8,3.2,0.9,0.5,12.2,13.4,17.2,0.604,4.1,-0.8,0.7,3.5999999999999996,0.0,0.6000000000000001,3.200000000000001,2.299999999999999,0.03700000000000003,1.7,1.1999999999999997,0.8999999999999999,0.8758499637373056,1.1207446833140315,0.6515993988754818,0.7267076786851191,0.3857916293031794,0.75,1
Bam Adebayo,2020-21,23.0,MIA,C,64.0,64.0,33.5,9.0,5.4,1.2,1.0,18.7,22.7,23.7,0.626,8.8,4.9,3.7,,,,,,,,,,,,,,,,0
Bam Adebayo,2021-22,24.0,MIA,C,56.0,56.0,32.6,10.1,3.4,1.4,0.8,19.1,21.8,25.0,0.608,7.2,3.8,2.7,0.40000000000000213,1.0999999999999996,-2.0000000000000004,-0.8999999999999986,1.3000000000000007,-0.018000000000000016,-1.1000000000000005,-1.6000000000000005,-1.0,-0.1360783841964734,-0.6355180579711741,0.2977701979460185,-0.5505240762974382,-1.1133891439509815,-0.43,0
Baylor Scheierman,2024-25,24.0,BOS,SG,31.0,2.0,12.4,2.1,1.1,0.5,0.1,3.6,10.3,14.5,0.49,0.7,-1.7,0.0,,,,,,,,,,,,,,,,0
Ben Sheppard,2023-24,22.0,IND,SG,57.0,1.0,14.3,1.6,0.9,0.6,0.0,4.4,8.1,13.2,0.524,0.8,-3.4,-0.3,,,,,,,,,,,,,,,,0
Ben Sheppard,2024-25,23.0,IND,SG,63.0,9.0,19.5,2.8,1.3,0.6,0.2,5.3,9.2,11.3,0.555,2.1,-2.0,0.0,0.8999999999999995,1.1999999999999997,0.4,1.0999999999999996,-1.8999999999999986,0.031000000000000028,1.4,1.3,0.3,0.022035420168178867,0.22119547436307185,-0.8344832450282657,0.5873733054142947,0.43933379977654247,0.09,0
Ben Simmons,2020-21,24.0,PHI,PG,58.0,58.0,32.4,7.2,6.9,1.6,0.6,14.3,18.3,20.2,0.584,6.0,2.9,2.3,,,,,,,,,,,,,,,,0
Bennedict Mathurin,2022-23,20.0,IND,SG,78.0,17.0,28.5,4.1,1.5,0.6,0.2,16.7,13.1,24.6,0.566,1.8,-3.7,-1.0,,,,,,,,,,,,,,,,0
Bennedict Mathurin,2023-24,21.0,IND,SF,59.0,19.0,26.1,4.0,2.0,0.6,0.2,14.5,13.0,23.4,0.562,1.4,-3.4,-0.6,-2.1999999999999993,-0.09999999999999964,0.5,-0.09999999999999964,-1.2000000000000028,-0.0039999999999998925,0.30000000000000027,-0.40000000000000013,0.4,-0.95827016689267,-0.2928326450374759,-0.5868028043776424,-0.22541053866551192,-0.47088309827062674,-0.51,0
Bennedict Mathurin,2024-25,22.0,IND,SF,72.0,49.0,29.8,5.3,1.9,0.7,0.3,16.1,13.6,22.8,0.579,3.0,-2.9,-0.5,1.6000000000000014,1.2999999999999998,-0.10000000000000009,0.5999999999999996,-0.5999999999999979,0.016999999999999904,0.5,1.6,0.09999999999999998,0.2433947462786938,0.007017091279510174,-0.37450528381996234,0.2622597677823685,0.5999603111966312,0.15,0
Bilal Coulibaly,2023-24,19.0,WAS,SF,63.0,15.0,27.2,4.1,1.7,0.9,0.8,8.4,8.9,14.2,0.543,0.4,-4.2,-0.9,,,,,,,,,,,,,,,,0
Bilal Coulibaly,2024-25,20.0,WAS,SF,59.0,59.0,33.0,5.0,3.4,1.3,0.7,12.3,10.8,17.9,0.515,0.3,-3.7,-0.8,3.9000000000000004,0.9000000000000004,1.7,1.9000000000000004,3.6999999999999993,-0.028000000000000025,0.5,-0.10000000000000003,0.09999999999999998,0.9707182463560977,0.5638808872967709,1.1469602801767314,-0.7827480317488122,-0.31025658685053803,0.32,0
Blake Wesley,2022-23,19.0,SAS,SG,37.0,1.0,18.1,2.2,2.6,0.7,0.1,5.0,3.5,18.5,0.393,-1.6,-9.6,-1.3,,,,,,,,,,,,,,,,0
Blake Wesley,2023-24,20.0,SAS,SG,61.0,3.0,14.4,1.5,2.7,0.5,0.1,4.4,10.1,14.7,0.537,0.9,-4.0,-0.4,-0.5999999999999996,-0.7000000000000002,0.10000000000000009,6.6,-3.8000000000000007,0.14400000000000002,5.6,2.5,0.9,-0.45230599292578016,2.5771576882822504,-1.5067587267942477,3.2115040020148187,1.0818398454568972,0.98,1
Bol Bol,2022-23,23.0,ORL,PF,70.0,33.0,21.5,5.8,1.0,0.4,1.2,9.1,14.4,18.2,0.603,2.3,-0.9,0.4,,,,,,,,,,,,,,,,0
Bones Hyland,2021-22,21.0,DEN,SG,69.0,4.0,19.0,2.7,2.8,0.6,0.3,10.1,14.4,23.8,0.558,2.4,-0.4,0.5,,,,,,,,,,,,,,,,0
Bones Hyland,2022-23,22.0,2TM,PG,56.0,1.0,19.4,2.4,3.1,0.7,0.3,11.8,14.9,28.0,0.535,1.4,-0.8,0.3,1.700000000000001,-0.30000000000000027,0.30000000000000027,0.5,4.199999999999999,-0.02300000000000002,-0.4,-1.0,-0.2,0.2750175071516243,-0.03581858533720201,1.3238748806414633,-0.6666360540231252,-0.792136121110804,0.02,0
Bones Hyland,2023-24,23.0,LAC,PG,37.0,5.0,14.6,1.5,2.5,0.7,0.1,6.9,10.8,24.8,0.49,0.0,-3.6,-0.2,-4.9,-0.8999999999999999,-0.6000000000000001,-4.1,-3.1999999999999993,-0.04500000000000004,-2.8,-1.4,-0.5,-1.8120847104617968,-2.0062597097059696,-1.294461206236569,-1.1775287560161483,-1.0063048030042554,-1.46,0
Brandin Podziemski,2023-24,20.0,GSW,SG,74.0,28.0,26.6,5.8,3.7,0.8,0.2,9.2,13.0,15.4,0.54,4.1,-0.1,0.9,,,,,,,,,,,,,,,,0
Brandin Podziemski,2024-25,21.0,GSW,SG,64.0,33.0,26.8,5.1,3.4,1.1,0.2,11.7,14.4,18.3,0.557,4.2,0.7,1.2,2.5,-0.7000000000000002,-0.30000000000000027,1.4000000000000004,2.9000000000000004,0.017000000000000015,0.7999999999999999,0.10000000000000053,0.29999999999999993,0.5279995941350689,0.3497025042132092,0.8638969194331606,0.26225976778237103,-0.20317224590381192,0.36,0
Brandon Boston Jr.,2021-22,20.0,LAC,SG,51.0,0.0,14.9,2.2,1.0,0.5,0.3,6.7,11.2,22.4,0.481,0.4,-3.3,-0.3,,,,,,,,,,,,,,,,0
Brandon Boston Jr.,2024-25,23.0,NOP,SG,42.0,10.0,23.6,3.2,2.2,1.3,0.2,10.7,12.7,20.0,0.535,0.7,-2.5,-0.1,3.999999999999999,1.0,1.2000000000000002,1.5,-2.3999999999999986,0.05400000000000005,0.7999999999999998,0.29999999999999993,0.19999999999999998,1.002341007229028,0.39253818082992137,-1.0113978454929975,1.121488402952455,-0.09608790495708648,0.28,0
Brandon Clarke,2020-21,24.0,MEM,PF,59.0,16.0,24.0,5.6,1.6,1.0,0.9,10.3,17.3,17.2,0.56,4.2,1.5,1.3,,,,,,,,,,,,,,,,0
Brandon Ingram,2020-21,23.0,NOP,SF,61.0,61.0,34.3,4.9,4.9,0.7,0.6,23.8,19.2,28.0,0.584,5.3,2.2,2.2,,,,,,,,,,,,,,,,0
Brandon Ingram,2021-22,24.0,NOP,SF,55.0,55.0,34.0,5.8,5.6,0.6,0.5,22.7,18.7,29.3,0.554,3.9,2.0,1.9,-1.1000000000000014,0.8999999999999995,0.6999999999999993,-0.5,1.3000000000000007,-0.029999999999999916,-0.20000000000000018,-1.4,-0.30000000000000027,-0.6104197972904338,-0.4641753515043254,0.2977701979460185,-0.8291928228390846,-1.0063048030042554,-0.52,0
Brandon Miller,2023-24,21.0,CHO,SF,74.0,68.0,32.2,4.3,2.4,0.9,0.6,17.3,13.0,23.9,0.552,0.8,-2.6,-0.3,,,,,,,,,,,,,,,,0
Brandon Miller,2024-25,22.0,CHO,SF,27.0,27.0,34.2,4.9,3.6,1.1,0.7,21.0,14.0,27.7,0.54,0.4,0.0,0.4,3.6999999999999993,0.6000000000000005,1.2000000000000002,1.0,3.8000000000000007,-0.01200000000000001,2.6,-0.4,0.7,0.9074727246102361,0.17835979774635968,1.1823432002696783,-0.41118970302661373,-0.4708830982706267,0.28,0
Brandon Williams,2021-22,22.0,POR,PG,24.0,16.0,26.7,3.1,3.9,1.0,0.4,12.9,11.0,25.9,0.476,-0.5,-5.7,-0.6,,,,,,,,,,,,,,,,0
Brice Sensabaugh,2023-24,20.0,UTA,SF,32.0,11.0,18.3,3.2,1.7,0.4,0.2,7.5,8.6,20.3,0.511,-0.3,-5.5,-0.5,,,,,,,,,,,,,,,,0
Brice Sensabaugh,2024-25,21.0,UTA,SF,71.0,15.0,20.2,3.0,1.5,0.6,0.1,10.9,13.4,21.5,0.612,1.2,-1.2,0.3,3.4000000000000004,-0.20000000000000018,-0.19999999999999996,4.800000000000001,1.1999999999999993,0.10099999999999998,4.3,1.5,0.8,0.8126044419914445,1.8061155091814287,0.26238727785307164,2.212940993573911,0.5464181407232682,1.13,1
Brodric Thomas,2020-21,24.0,2TM,SG,32.0,1.0,12.5,1.7,0.9,0.5,0.3,3.9,8.0,16.4,0.487,0.1,-4.4,-0.2,,,,,,,,,,,,,,,,0
Bruce Brown,2020-21,24.0,BRK,PG,65.0,37.0,22.3,5.4,1.6,0.9,0.4,8.8,16.1,15.9,0.604,4.4,-0.1,0.7,,,,,,,,,,,,,,,,0
Bryce McGowens,2022-23,20.0,CHO,SG,46.0,7.0,17.1,2.0,1.2,0.3,0.1,5.3,7.2,15.0,0.519,0.1,-6.0,-0.8,,,,,,,,,,,,,,,,0
Bryce McGowens,2023-24,21.0,CHO,SG,59.0,14.0,14.9,1.7,0.9,0.4,0.2,5.1,9.3,14.9,0.565,0.6,-4.9,-0.6,-0.20000000000000018,-0.30000000000000004,-0.29999999999999993,2.1000000000000005,-0.09999999999999964,0.04599999999999993,1.0999999999999996,0.5,0.20000000000000007,-0.32581494943405787,0.6495522405301957,-0.19759068335523103,0.9357092385913531,0.010996435989639336,0.21,0
Bub Carrington,2024-25,19.0,WAS,PG,82.0,57.0,30.0,4.2,4.4,0.7,0.3,9.8,9.0,15.8,0.514,0.2,-4.6,-1.6,,,,,,,,,,,,,,,,0
CJ Elleby,2021-22,21.0,POR,SF,58.0,28.0,20.2,3.9,1.5,0.6,0.3,5.8,9.2,14.8,0.491,0.4,-5.3,-1.0,,,,,,,,,,,,,,,,0
Cade Cunningham,2021-22,20.0,DET,SG,64.0,64.0,32.6,5.5,5.6,1.2,0.7,17.4,13.1,27.5,0.504,-0.5,-1.6,0.2,,,,,,,,,,,,,,,,0
Cade Cunningham,2023-24,22.0,DET,PG,62.0,62.0,33.5,4.3,7.5,0.9,0.4,22.7,17.1,30.8,0.546,1.8,0.3,1.2,5.300000000000001,-1.2000000000000002,1.9000000000000004,4.000000000000002,3.3000000000000007,0.04200000000000004,1.9000000000000001,2.3,1.0,1.4134368985771266,1.4634300962477305,1.0054285998049464,0.8428196564108061,0.9747555045101712,1.14,1
Cade Cunningham,2024-25,23.0,DET,PG,70.0,70.0,35.0,6.1,9.1,1.0,0.8,26.1,20.6,33.2,0.565,5.9,3.9,3.7,3.400000000000002,1.7999999999999998,1.5999999999999996,3.5,2.400000000000002,0.018999999999999906,3.6,4.1000000000000005,2.5,0.8126044419914451,1.249251713164168,0.6869823189684293,0.30870455887264325,1.9385145730307036,1.0,1
Caleb Houstan,2022-23,20.0,ORL,SF,51.0,4.0,15.9,1.9,0.6,0.2,0.1,3.8,6.2,11.0,0.508,0.7,-4.0,-0.4,,,,,,,,,,,,,,,,0
Caleb Houstan,2023-24,21.0,ORL,SF,59.0,13.0,13.8,1.4,0.5,0.3,0.1,4.3,8.3,12.5,0.582,1.5,-1.9,0.0,0.5,-0.5,-0.09999999999999998,2.1000000000000005,1.5,0.07399999999999995,2.1,0.8,0.4,-0.10445562332354344,0.6495522405301957,0.36853603813191105,1.5859363138552007,0.17162294740972803,0.53,0
Caleb Houstan,2024-25,22.0,ORL,SF,58.0,6.0,13.6,1.3,0.6,0.4,0.1,4.1,9.4,11.7,0.605,1.8,-2.2,0.0,-0.20000000000000018,-0.09999999999999987,0.09999999999999998,1.0999999999999996,-0.8000000000000007,0.02300000000000002,-0.30000000000000027,0.30000000000000004,0.0,-0.32581494943405787,0.22119547436307185,-0.4452711240058561,0.40159414105319546,-0.09608790495708641,-0.05,0
Cam Reddish,2020-21,21.0,ATL,SF,26.0,21.0,28.8,4.0,1.3,1.3,0.3,11.2,9.3,19.3,0.488,0.4,-3.2,-0.2,,,,,,,,,,,,,,,,0
Cam Reddish,2021-22,22.0,2TM,SF,49.0,7.0,20.7,2.1,1.0,1.0,0.3,10.1,12.8,22.2,0.543,1.0,-1.3,0.2,-1.0999999999999996,-1.9,-0.30000000000000004,3.5,2.8999999999999986,0.05500000000000005,1.9000000000000001,0.6,0.4,-0.6104197972904333,1.249251713164168,0.8638969194331599,1.1447107984975924,0.06453860646300222,0.54,0
Cam Reddish,2022-23,23.0,2TM,SF,40.0,20.0,24.8,2.2,1.4,1.0,0.4,9.7,10.6,17.1,0.561,0.9,-3.4,-0.4,-0.40000000000000036,0.10000000000000009,0.3999999999999999,-2.200000000000001,-5.099999999999998,0.018000000000000016,-2.0999999999999996,-0.09999999999999998,-0.6000000000000001,-0.38906047117991915,-1.1923818539884357,-1.9667366880025496,0.2854821633275084,-0.310256586850538,-0.71,0
Cam Reddish,2023-24,24.0,LAL,SF,48.0,26.0,20.5,2.1,1.0,1.0,0.3,5.4,7.7,12.7,0.504,0.6,-3.2,-0.3,-4.299999999999999,-0.10000000000000009,-0.3999999999999999,-2.8999999999999995,-4.400000000000002,-0.05700000000000005,0.19999999999999973,-0.30000000000000004,0.10000000000000003,-1.6223481452242128,-1.4922315903054213,-1.7190562473519264,-1.456197502557797,-0.4173409277972638,-1.34,0
Cam Thomas,2021-22,20.0,BRK,SG,67.0,2.0,17.6,2.4,1.2,0.5,0.1,8.5,11.7,22.1,0.519,0.8,-3.4,-0.4,,,,,,,,,,,,,,,,0
Cam Thomas,2022-23,21.0,BRK,SG,57.0,4.0,16.6,1.7,1.4,0.4,0.1,10.6,14.7,27.8,0.567,1.0,-2.7,-0.2,2.0999999999999996,-0.7,0.19999999999999996,3.0,5.699999999999999,0.04799999999999993,0.6999999999999997,0.19999999999999996,0.2,0.40150855064334634,1.0350733300806065,1.8546186820356592,0.9821540296816279,-0.14963007543044934,0.82,1
Cam Thomas,2023-24,22.0,BRK,SG,66.0,51.0,31.4,3.2,2.9,0.7,0.2,22.5,16.1,30.5,0.554,2.5,-1.2,0.4,11.9,1.5000000000000002,1.5,1.4000000000000021,2.6999999999999993,-0.0129999999999999,1.5000000000000002,1.5,0.6000000000000001,3.5005391161905473,0.3497025042132099,0.7931310792472674,-0.43441209857174856,0.5464181407232682,0.95,1
Cam Thomas,2024-25,23.0,BRK,SG,25.0,23.0,31.2,3.3,3.8,0.6,0.1,24.0,18.0,32.6,0.575,1.2,0.3,0.5,1.5,0.09999999999999964,0.8999999999999999,1.8999999999999986,2.1000000000000014,0.020999999999999908,1.5,-1.3,0.09999999999999998,0.21177198540576275,0.5638808872967701,0.5808335586895899,0.3551493499629181,-0.9527626325308927,0.15,0
Cam Whitmore,2023-24,19.0,HOU,SF,47.0,2.0,18.7,3.8,0.7,0.6,0.4,12.3,16.6,27.1,0.561,1.5,0.1,0.5,,,,,,,,,,,,,,,,0
Cam Whitmore,2024-25,20.0,HOU,SF,51.0,3.0,16.2,3.0,1.0,0.6,0.3,9.4,15.5,23.9,0.549,1.8,0.3,0.5,-2.9000000000000004,-0.7999999999999998,0.30000000000000004,-1.1000000000000014,-3.200000000000003,-0.01200000000000001,0.19999999999999998,0.30000000000000004,0.0,-1.1796294930031845,-0.7211894112046,-1.2944612062365701,-0.41118970302661373,-0.09608790495708641,-0.74,0
Cameron Johnson,2020-21,24.0,PHO,PF,60.0,11.0,24.0,3.3,1.4,0.6,0.3,9.6,11.8,17.0,0.563,2.6,-0.2,0.7,,,,,,,,,,,,,,,,0
Cason Wallace,2023-24,20.0,OKC,SG,82.0,13.0,20.6,2.3,1.5,0.9,0.5,6.8,12.0,12.9,0.612,4.0,0.1,0.9,,,,,,,,,,,,,,,,0
Cason Wallace,2024-25,21.0,OKC,SG,68.0,43.0,27.6,3.4,2.5,1.8,0.5,8.4,12.3,12.8,0.562,5.2,1.0,1.5,1.6000000000000005,1.1,1.0,0.3000000000000007,-0.09999999999999964,-0.04999999999999993,0.9,1.2000000000000002,0.6,0.24339474627869354,-0.12148993857062639,-0.19759068335523103,-1.2936407337418327,0.3857916293031797,-0.2,0
Chandler Hutchison,2020-21,24.0,2TM,SF,25.0,1.0,13.8,3.1,0.7,0.5,0.2,4.3,6.8,16.2,0.469,-0.1,-5.6,-0.3,,,,,,,,,,,,,,,,0
Charles Bassey,2022-23,22.0,SAS,C,35.0,2.0,14.5,5.5,1.4,0.5,0.9,5.7,18.8,15.6,0.658,1.3,0.7,0.3,,,,,,,,,,,,,,,,0
Chet Holmgren,2023-24,21.0,OKC,C,82.0,82.0,29.4,7.9,2.4,0.6,2.3,16.5,20.4,21.6,0.632,8.9,3.4,3.3,,,,,,,,,,,,,,,,0
Chet Holmgren,2024-25,22.0,OKC,C,32.0,32.0,27.4,8.0,2.0,0.7,2.2,15.0,19.2,22.0,0.599,3.2,2.4,1.0,-1.5,0.09999999999999964,-0.3999999999999999,-1.1999999999999993,0.3999999999999986,-0.03300000000000003,-1.0,-5.7,-2.3,-0.7369108407821559,-0.7640250878213114,-0.020676082890499728,-0.8988600094744993,-3.3086181333588596,-1.15,0
Chimezie Metu,2020-21,23.0,SAC,C,36.0,6.0,13.6,3.1,0.8,0.4,0.5,6.3,14.5,20.0,0.571,0.6,-3.6,-0.2,,,,,,,,,,,,,,,,0
Chimezie Metu,2021-22,24.0,SAC,C,60.0,20.0,21.3,5.6,1.0,0.9,0.5,8.9,13.4,18.5,0.546,1.5,-1.5,0.2,2.6000000000000005,2.4999999999999996,0.19999999999999996,-1.0999999999999996,-1.5,-0.02499999999999991,2.1,0.9,0.4,0.5596223550079997,-0.7211894112045992,-0.6929515646564806,-0.7130808451133974,0.2251651178830909,-0.27,0
Chris Duarte,2021-22,24.0,IND,SG,55.0,39.0,28.0,4.1,2.1,1.0,0.2,13.1,12.3,21.1,0.537,0.9,-2.3,-0.1,,,,,,,,,,,,,,,,0
Christian Braun,2022-23,21.0,DEN,SG,76.0,6.0,15.5,2.4,0.8,0.5,0.2,4.7,10.3,13.0,0.568,1.9,-2.4,-0.1,,,,,,,,,,,,,,,,0
Christian Braun,2023-24,22.0,DEN,SG,82.0,4.0,20.2,3.7,1.6,0.5,0.4,7.3,12.1,15.7,0.554,3.4,-1.9,0.0,2.5999999999999996,1.3000000000000003,0.8,1.799999999999999,2.6999999999999993,-0.013999999999999901,0.5,1.5,0.1,0.5596223550079994,0.5210452106800579,0.7931310792472674,-0.45763449411688595,0.5464181407232682,0.39,0
Christian Braun,2024-25,23.0,DEN,SG,79.0,77.0,33.9,5.2,2.6,1.1,0.5,15.4,16.0,15.8,0.665,8.0,0.3,1.6,8.100000000000001,1.5,1.0,3.9000000000000004,0.10000000000000142,0.11099999999999999,2.1999999999999997,4.6,1.6,2.298874203019184,1.4205944196310176,-0.1268248431693379,2.4451649490252847,2.206225425397517,1.65,1
Christian Koloko,2022-23,22.0,TOR,C,58.0,19.0,13.8,2.9,0.5,0.4,1.0,3.1,11.4,10.4,0.517,1.7,-3.5,-0.3,,,,,,,,,,,,,,,,0
Chuma Okeke,2020-21,22.0,ORL,PF,45.0,19.0,25.2,4.0,2.2,1.1,0.5,7.8,11.8,14.5,0.511,1.3,-1.5,0.1,,,,,,,,,,,,,,,,0
Chuma Okeke,2021-22,23.0,ORL,PF,70.0,20.0,25.0,5.0,1.7,1.4,0.6,8.6,12.0,16.4,0.501,2.2,-0.1,0.8,0.7999999999999998,1.0,-0.5000000000000002,0.1999999999999993,1.8999999999999986,-0.010000000000000009,1.4,0.9000000000000001,0.7000000000000001,-0.009587340704751639,-0.16432561518733932,0.5100677185036961,-0.3647449119363389,0.22516511788309096,0.04,0
Chuma Okeke,2022-23,24.0,ORL,SF,27.0,8.0,19.2,3.6,1.4,0.7,0.4,4.7,9.1,12.3,0.488,0.7,-1.6,0.1,-3.8999999999999995,-1.4,-0.30000000000000004,-2.9000000000000004,-4.099999999999998,-0.013000000000000012,-1.5,-1.5000000000000002,-0.7000000000000001,-1.4958571017324904,-1.4922315903054217,-1.6129074870730857,-0.4344120985717511,-1.0598469734776186,-1.22,0
Coby White,2020-21,20.0,CHI,PG,69.0,54.0,31.2,4.1,4.8,0.6,0.2,15.1,12.0,22.5,0.54,2.4,-2.4,-0.2,,,,,,,,,,,,,,,,0
Coby White,2021-22,21.0,CHI,PG,61.0,17.0,27.5,3.0,2.9,0.5,0.2,12.7,12.6,19.8,0.564,2.4,-2.1,0.0,-2.4000000000000004,-1.0999999999999996,-1.9,0.5999999999999996,-2.6999999999999993,0.02399999999999991,0.2999999999999998,0.0,0.2,-1.0215156886385315,0.007017091279510174,-1.117546605771837,0.4248165365983303,-0.2567144163771751,-0.39,0
Coby White,2022-23,22.0,CHI,SG,74.0,2.0,23.4,2.9,2.8,0.7,0.1,9.7,12.5,17.9,0.572,3.1,-0.8,0.5,-3.0,-0.10000000000000009,-0.10000000000000009,-0.09999999999999964,-1.9000000000000021,0.008000000000000007,1.3,0.7000000000000002,0.5,-1.2112522538761152,-0.2928326450374759,-0.8344832450282669,0.05325820787613437,0.1180807769363652,-0.43,0
Coby White,2023-24,23.0,CHI,PG,79.0,78.0,36.5,4.5,5.1,0.7,0.2,19.1,14.5,22.7,0.57,4.7,-0.7,0.9,9.400000000000002,1.6,2.3,2.0,4.800000000000001,-0.0020000000000000018,0.10000000000000009,1.6,0.4,2.709970094367282,0.606716563913483,1.5361724011991422,-0.1789657475752397,0.5999603111966312,1.05,1
Coby White,2024-25,24.0,CHI,SG,74.0,73.0,33.1,3.7,4.5,0.9,0.2,20.4,15.5,24.4,0.601,4.5,-0.9,0.7,1.2999999999999972,-0.7999999999999998,-0.5999999999999996,1.0,1.6999999999999993,0.031000000000000028,-0.20000000000000007,-0.20000000000000018,-0.20000000000000007,0.1485264636599006,0.17835979774635968,0.4393018783178036,0.5873733054142947,-0.363798757323901,0.2,0
Cody Williams,2024-25,20.0,UTA,SG,50.0,21.0,21.2,2.3,1.2,0.5,0.3,4.6,3.7,12.5,0.419,-1.2,-7.3,-1.4,,,,,,,,,,,,,,,,0
Colby Jones,2024-25,22.0,2TM,SG,39.0,0.0,13.2,2.2,1.1,0.7,0.3,4.0,11.4,13.7,0.544,0.6,-2.8,-0.1,,,,,,,,,,,,,,,,0
Cole Anthony,2020-21,20.0,ORL,PG,47.0,34.0,27.1,4.7,4.1,0.6,0.4,12.9,12.1,24.3,0.496,0.0,-3.3,-0.4,,,,,,,,,,,,,,,,0
Cole Anthony,2021-22,21.0,ORL,PG,65.0,65.0,31.7,5.4,5.7,0.7,0.3,16.3,13.5,25.1,0.519,1.6,-1.2,0.4,3.4000000000000004,0.7000000000000002,1.6000000000000005,1.4000000000000004,0.8000000000000007,0.02300000000000002,2.0999999999999996,1.6,0.8,0.8126044419914445,0.3497025042132092,0.12085559748128658,0.40159414105319546,0.5999603111966312,0.46,0
Cole Anthony,2022-23,22.0,ORL,PG,60.0,4.0,25.9,4.8,3.9,0.6,0.5,13.0,16.0,21.5,0.57,3.7,1.3,1.3,-3.3000000000000007,-0.6000000000000005,-1.8000000000000003,2.5,-3.6000000000000014,0.050999999999999934,2.5,2.1,0.9,-1.3061205364949071,0.8208949469970448,-1.4359928866083551,1.0518212163170402,0.8676711635634455,-0.0,0
Cole Anthony,2023-24,23.0,ORL,PG,81.0,0.0,22.4,3.8,2.9,0.8,0.5,11.6,14.6,23.7,0.545,3.6,0.1,1.0,-1.4000000000000004,-1.0,-1.0,-1.4000000000000004,2.1999999999999993,-0.02499999999999991,-1.2,-0.10000000000000009,-0.30000000000000004,-0.7052880799092254,-0.8496964410547366,0.6162164787825355,-0.7130808451133974,-0.31025658685053803,-0.39,0
Cole Anthony,2024-25,24.0,ORL,PG,67.0,22.0,18.4,3.0,2.9,0.7,0.5,9.4,14.2,24.6,0.531,2.0,0.1,0.7,-2.1999999999999993,-0.7999999999999998,0.0,-0.40000000000000036,0.9000000000000021,-0.014000000000000012,0.0,-1.6,-0.30000000000000004,-0.95827016689267,-0.4213396748876132,0.15623851757423346,-0.45763449411688856,-1.1133891439509813,-0.56,0
Colin Castleton,2024-25,24.0,3TM,C,26.0,4.0,16.6,4.7,1.1,0.3,0.4,4.7,11.3,13.4,0.536,0.7,-5.0,-0.3,,,,,,,,,,,,,,,,0
Collin Sexton,2020-21,22.0,CLE,SG,60.0,60.0,35.3,3.1,4.4,1.0,0.2,24.3,18.0,29.7,0.573,3.5,-0.2,1.0,,,,,,,,,,,,,,,,0
Collin Sexton,2022-23,24.0,UTA,PG,48.0,15.0,23.9,2.2,2.9,0.6,0.1,14.3,15.9,23.4,0.616,2.5,-1.3,0.2,-10.0,-0.8999999999999999,-1.5000000000000004,-2.0999999999999996,-6.300000000000001,0.04300000000000004,-1.1,-1.0,-0.8,-3.4248455149812584,-1.1495461773717226,-2.3913317291179075,0.8660420519559435,-0.792136121110804,-1.38,0
Corey Kispert,2021-22,22.0,WAS,SF,77.0,36.0,23.4,2.7,1.1,0.5,0.3,8.2,10.9,14.6,0.586,2.3,-2.3,-0.1,,,,,,,,,,,,,,,,0
Corey Kispert,2022-23,23.0,WAS,SF,74.0,45.0,28.3,2.8,1.2,0.4,0.1,11.1,11.5,14.1,0.657,3.8,-1.5,0.2,2.9000000000000004,0.09999999999999964,0.09999999999999987,0.5999999999999996,-0.5,0.07100000000000006,0.7999999999999998,1.5,0.30000000000000004,0.6544906376267915,0.007017091279510174,-0.3391223637270167,1.516269127219791,0.5464181407232682,0.48,0
Corey Kispert,2023-24,24.0,WAS,SF,80.0,22.0,25.8,2.8,2.0,0.5,0.2,13.4,12.8,19.6,0.62,2.1,-2.1,-0.1,2.3000000000000007,0.0,0.8,1.3000000000000007,5.500000000000002,-0.03700000000000003,-0.6000000000000001,-1.6999999999999997,-0.30000000000000004,0.4647540723892079,0.30686682759649697,1.7838528418497674,-0.991749591655049,-1.166931314424344,0.08,0
Craig Porter Jr.,2023-24,23.0,CLE,PG,51.0,6.0,12.7,2.1,2.3,0.4,0.3,5.6,15.4,20.2,0.564,1.5,0.5,0.4,,,,,,,,,,,,,,,,0
D'Angelo Russell,2020-21,24.0,MIN,PG,42.0,26.0,28.5,2.6,5.8,1.1,0.4,19.0,17.6,29.1,0.555,1.6,1.6,1.1,,,,,,,,,,,,,,,,0
D.J. Wilson,2020-21,24.0,2TM,PF,35.0,1.0,12.4,3.2,0.7,0.3,0.5,5.2,11.5,19.7,0.511,0.3,-3.3,-0.1,,,,,,,,,,,,,,,,0
DaQuan Jeffries,2020-21,23.0,2TM,SG,31.0,5.0,15.9,2.3,0.7,0.5,0.3,4.1,7.9,11.9,0.514,0.3,-4.7,-0.3,,,,,,,,,,,,,,,,0
Daishen Nix,2022-23,20.0,HOU,PG,57.0,7.0,16.0,1.7,2.3,0.5,0.1,4.0,5.3,15.4,0.447,-1.2,-6.5,-1.0,,,,,,,,,,,,,,,,0
Dalano Banton,2023-24,24.0,2TM,PG,54.0,9.0,19.4,3.3,2.4,0.6,0.4,10.3,13.3,25.7,0.504,0.5,-1.3,0.2,,,,,,,,,,,,,,,,0
Dalen Terry,2024-25,22.0,CHI,SG,73.0,5.0,13.5,1.7,1.3,0.6,0.2,4.5,9.6,14.9,0.546,1.1,-3.8,-0.5,,,,,,,,,,,,,,,,0
Dalton Knecht,2024-25,23.0,LAL,SF,78.0,16.0,19.2,2.8,0.8,0.3,0.1,9.1,12.7,18.5,0.594,2.7,-1.8,0.1,,,,,,,,,,,,,,,,0
Daniel Gafford,2020-21,22.0,2TM,C,54.0,11.0,14.6,4.3,0.5,0.5,1.4,7.0,22.2,16.7,0.697,3.5,2.2,0.8,,,,,,,,,,,,,,,,0
Daniel Gafford,2021-22,23.0,WAS,C,72.0,53.0,20.1,5.7,0.9,0.4,1.4,9.4,21.8,16.7,0.708,6.0,1.6,1.3,2.4000000000000004,1.4000000000000004,0.4,-0.3999999999999986,0.0,0.01100000000000001,-0.6000000000000001,2.5,0.5,0.4963768332621384,-0.4213396748876124,-0.16220776326228478,0.12292539451154659,1.0818398454568972,0.22,0
Daniel Gafford,2022-23,24.0,WAS,C,78.0,47.0,20.6,5.6,1.1,0.4,1.3,9.0,19.7,15.2,0.739,6.1,1.0,1.2,-0.40000000000000036,-0.10000000000000053,0.20000000000000007,-2.1000000000000014,-1.5,0.031000000000000028,-0.6000000000000001,0.09999999999999964,-0.10000000000000009,-0.38906047117991915,-1.1495461773717235,-0.6929515646564806,0.5873733054142947,-0.20317224590381242,-0.37,0
Dariq Whitehead,2024-25,20.0,BRK,SF,20.0,0.0,12.3,1.5,0.6,0.3,0.1,5.7,9.4,20.1,0.58,0.1,-3.7,-0.1,,,,,,,,,,,,,,,,0
Darius Bazley,2020-21,20.0,OKC,PF,55.0,55.0,31.2,7.2,1.8,0.5,0.5,13.7,9.7,22.1,0.491,-0.9,-4.4,-1.0,,,,,,,,,,,,,,,,0
Darius Bazley,2021-22,21.0,OKC,PF,69.0,53.0,27.9,6.3,1.4,0.8,1.0,10.8,12.6,18.3,0.515,1.8,-1.8,0.1,-2.8999999999999986,-0.9000000000000004,-0.40000000000000013,2.9000000000000004,-3.8000000000000007,0.02400000000000002,2.6000000000000005,2.7,1.1,-1.179629493003184,0.9922376534638943,-1.5067587267942477,0.4248165365983329,1.188924186403623,-0.02,0
Darius Bazley,2022-23,22.0,2TM,C,43.0,1.0,14.3,3.2,0.9,0.5,0.8,5.2,13.1,16.4,0.524,1.0,-1.0,0.2,-5.6000000000000005,-3.0999999999999996,-0.4999999999999999,0.5,-1.9000000000000021,0.009000000000000008,0.8,-0.8,0.1,-2.033444036572311,-0.03581858533720201,-0.8344832450282669,0.07648060342127178,-0.6850517801640782,-0.7,0
Darius Garland,2020-21,21.0,CLE,PG,54.0,50.0,33.1,2.4,6.1,1.2,0.1,17.4,14.2,24.9,0.547,1.2,-2.1,-0.1,,,,,,,,,,,,,,,,0
Darius Garland,2021-22,22.0,CLE,PG,68.0,68.0,35.7,3.3,8.6,1.3,0.1,21.7,19.0,27.8,0.576,6.3,2.6,2.8,4.300000000000001,0.8999999999999999,2.5,4.800000000000001,2.900000000000002,0.028999999999999915,4.7,5.1,2.9,1.0972092898478203,1.8061155091814287,0.8638969194331613,0.5409285143240173,2.4739362777643317,1.36,1
Darius Garland,2022-23,23.0,CLE,PG,69.0,69.0,35.5,2.7,7.8,1.2,0.1,21.6,18.8,26.9,0.587,7.6,2.4,2.7,-0.09999999999999787,-0.5999999999999996,-0.7999999999999998,-0.1999999999999993,-0.9000000000000021,0.01100000000000001,-0.20000000000000018,1.2999999999999998,-0.09999999999999964,-0.2941921885611265,-0.3356683216541881,-0.480654044098803,0.12292539451154659,0.43933379977654236,-0.11,0
Darius Garland,2023-24,24.0,CLE,PG,57.0,57.0,33.4,2.7,6.5,1.3,0.1,18.0,14.5,25.3,0.56,2.7,-1.0,0.5,-3.6000000000000014,0.0,-1.2999999999999998,-4.300000000000001,-1.5999999999999979,-0.026999999999999913,-3.4,-4.8999999999999995,-2.2,-1.4009888191136992,-2.091931062939395,-0.7283344847494262,-0.7595256362036723,-2.880280769571956,-1.57,0
David Duke Jr.,2021-22,22.0,BRK,PG,22.0,7.0,15.5,3.0,0.8,0.6,0.3,4.7,10.0,15.9,0.444,0.3,-3.9,-0.2,,,,,,,,,,,,,,,,0
David Roddy,2022-23,21.0,MEM,PF,70.0,4.0,18.0,2.8,0.8,0.4,0.3,6.7,8.8,16.7,0.519,1.1,-3.9,-0.6,,,,,,,,,,,,,,,,0
David Roddy,2023-24,22.0,2TM,PF,65.0,13.0,18.1,3.2,1.2,0.4,0.2,6.5,8.7,18.1,0.484,0.1,-5.0,-0.9,-0.20000000000000018,0.40000000000000036,0.3999999999999999,-0.10000000000000142,1.4000000000000021,-0.03500000000000003,-1.1,-1.0,-0.30000000000000004,-0.32581494943405787,-0.29283264503747664,0.3331531180389654,-0.9453048005647742,-0.792136121110804,-0.4,0
David Roddy,2024-25,23.0,3TM,PF,33.0,3.0,12.4,2.5,1.1,0.4,0.3,4.6,11.9,16.0,0.561,0.5,-1.5,0.1,-1.9000000000000004,-0.7000000000000002,-0.09999999999999987,3.200000000000001,-2.1000000000000014,0.07700000000000007,3.5,0.4,1.0,-0.8634018842738784,1.1207446833140315,-0.9052490852141595,1.6556035004906156,-0.04254573448372354,0.19,0
Davion Mitchell,2021-22,23.0,SAC,PG,75.0,19.0,27.7,2.2,4.2,0.7,0.3,11.5,10.8,20.6,0.489,0.1,-3.8,-0.9,,,,,,,,,,,,,,,,0
Davion Mitchell,2022-23,24.0,SAC,PG,80.0,9.0,18.1,1.3,2.3,0.6,0.2,5.6,9.4,14.1,0.545,1.5,-2.8,-0.3,-5.9,-0.9000000000000001,-1.9000000000000004,-1.4000000000000004,-6.500000000000002,0.05600000000000005,1.0,1.4,0.6000000000000001,-2.128312319191103,-0.8496964410547366,-2.4620975693038005,1.1679331940427298,0.49287597024990526,-0.76,0
Day'Ron Sharpe,2021-22,20.0,BRK,PF,32.0,8.0,12.2,5.0,0.5,0.3,0.5,6.2,20.7,21.7,0.593,1.2,-2.8,-0.1,,,,,,,,,,,,,,,,0
Day'Ron Sharpe,2023-24,22.0,BRK,C,61.0,1.0,15.1,6.4,1.4,0.4,0.7,6.8,20.0,19.7,0.596,2.9,0.0,0.5,0.5999999999999996,1.4000000000000004,0.8999999999999999,-0.6999999999999993,-2.0,0.0030000000000000027,2.8,1.7,0.6,-0.07283286245061293,-0.5498467047377498,-0.8698661651212125,-0.06285376984955267,0.6535024816699939,-0.18,0
Day'Ron Sharpe,2024-25,23.0,BRK,C,50.0,2.0,18.2,6.6,1.8,0.8,0.8,7.9,19.7,19.9,0.568,2.7,0.9,0.7,1.1000000000000005,0.1999999999999993,0.40000000000000013,-0.3000000000000007,0.1999999999999993,-0.028000000000000025,0.9,-0.19999999999999973,0.19999999999999996,0.08528094191404044,-0.37850399827090103,-0.09144192307639225,-0.7827480317488122,-0.3637987573239007,-0.31,0
De'Aaron Fox,2020-21,23.0,SAC,PG,58.0,58.0,35.1,3.5,7.2,1.5,0.5,25.2,20.7,31.0,0.565,4.2,1.8,2.0,,,,,,,,,,,,,,,,0
De'Aaron Fox,2021-22,24.0,SAC,PG,59.0,59.0,35.3,3.9,5.6,1.2,0.4,23.2,17.4,29.1,0.549,2.5,-0.6,0.7,-2.0,0.3999999999999999,-1.6000000000000005,-3.3000000000000007,-1.8999999999999986,-0.015999999999999903,-2.4,-1.7000000000000002,-1.3,-0.8950246451468089,-1.663574296772271,-0.8344832450282657,-0.5040792852071607,-1.1669313144243443,-1.01,0
De'Andre Hunter,2020-21,23.0,ATL,SF,23.0,19.0,29.5,4.8,1.9,0.8,0.5,15.0,15.7,20.2,0.603,1.7,1.2,0.5,,,,,,,,,,,,,,,,0
De'Andre Hunter,2021-22,24.0,ATL,SF,53.0,52.0,29.8,3.3,1.3,0.7,0.4,13.4,10.6,19.9,0.547,1.1,-3.9,-0.8,-1.5999999999999996,-1.5,-0.5999999999999999,-5.1,-0.3000000000000007,-0.05599999999999994,-5.1,-0.5999999999999999,-1.3,-0.7685336016550863,-2.434616475873093,-0.2683565235411242,-1.432975107012657,-0.5779674392173524,-1.1,0
De'Anthony Melton,2020-21,22.0,MEM,PG,52.0,1.0,20.1,3.1,2.5,1.2,0.6,9.1,15.2,19.5,0.568,2.2,2.3,1.1,,,,,,,,,,,,,,,,0
De'Anthony Melton,2021-22,23.0,MEM,SG,73.0,15.0,22.7,4.5,2.7,1.4,0.5,10.8,15.2,21.3,0.529,3.7,1.9,1.6,1.700000000000001,1.4,0.20000000000000018,0.0,1.8000000000000007,-0.038999999999999924,-0.3999999999999999,1.5,0.5,0.2750175071516243,-0.2499969684207637,0.47468479841075045,-1.0381943827453213,0.5464181407232682,0.0,0
De'Anthony Melton,2022-23,24.0,PHI,SG,77.0,58.0,27.9,4.1,2.6,1.6,0.5,10.1,12.7,16.4,0.566,4.2,0.9,1.6,-0.7000000000000011,-0.40000000000000036,-0.10000000000000009,-2.5,-4.900000000000002,0.03699999999999992,-0.9999999999999999,0.5,0.0,-0.48392875379871125,-1.3208888838385722,-1.8959708478166584,0.7267076786851165,0.010996435989639336,-0.59,0
Dean Wade,2020-21,24.0,CLE,PF,63.0,19.0,19.2,3.4,1.2,0.6,0.3,6.0,11.3,12.9,0.573,2.0,-1.3,0.2,,,,,,,,,,,,,,,,0
Deandre Ayton,2020-21,22.0,PHO,C,69.0,69.0,30.7,10.5,1.4,0.6,1.2,14.4,20.3,18.2,0.653,8.4,1.2,1.7,,,,,,,,,,,,,,,,0
Deandre Ayton,2021-22,23.0,PHO,C,58.0,58.0,29.5,10.2,1.4,0.7,0.7,17.2,21.9,21.4,0.656,7.3,2.8,2.1,2.799999999999999,-0.3000000000000007,0.0,1.5999999999999979,3.1999999999999993,0.0030000000000000027,1.5999999999999999,-1.1000000000000005,0.40000000000000013,0.6228678767538605,0.4353738574466328,0.9700456797119994,-0.06285376984955267,-0.8456782915841672,0.22,0
Deandre Ayton,2022-23,24.0,PHO,C,67.0,67.0,30.4,10.0,1.7,0.6,0.8,18.0,19.9,22.9,0.617,6.2,0.9,1.5,0.8000000000000007,-0.1999999999999993,0.30000000000000004,-2.0,1.5,-0.039000000000000035,-1.9,-1.0999999999999996,-0.6000000000000001,-0.00958734070475136,-1.1067105007550104,0.36853603813191105,-1.0381943827453237,-0.8456782915841666,-0.53,0
Dejounte Murray,2020-21,24.0,SAS,PG,67.0,67.0,31.9,7.1,5.4,1.5,0.1,15.7,16.5,23.4,0.509,3.3,0.8,1.5,,,,,,,,,,,,,,,,0
Deni Avdija,2020-21,20.0,WAS,SF,54.0,32.0,23.3,4.9,1.2,0.6,0.3,6.3,7.6,12.0,0.515,1.2,-3.1,-0.4,,,,,,,,,,,,,,,,0
Deni Avdija,2021-22,21.0,WAS,SF,82.0,8.0,24.2,5.2,2.0,0.7,0.5,8.4,11.6,16.3,0.536,2.4,-1.7,0.1,2.1000000000000005,0.2999999999999998,0.8,4.0,4.300000000000001,0.02100000000000002,1.4000000000000001,1.2,0.5,0.4015085506433466,1.4634300962477298,1.3592578007344103,0.35514934996292064,0.3857916293031795,0.79,1
Deni Avdija,2022-23,22.0,WAS,SF,76.0,40.0,26.6,6.4,2.8,0.9,0.4,9.2,11.2,16.7,0.535,2.3,-2.3,-0.1,0.7999999999999989,1.2000000000000002,0.7999999999999998,-0.40000000000000036,0.3999999999999986,-0.0010000000000000009,-0.5999999999999999,-0.10000000000000009,-0.2,-0.00958734070475192,-0.4213396748876132,-0.020676082890499728,-0.15574335203010228,-0.31025658685053803,-0.18,0
Deni Avdija,2023-24,23.0,WAS,SF,75.0,75.0,30.1,7.2,3.8,0.8,0.5,14.7,14.9,20.2,0.597,3.2,-0.9,0.6,5.5,0.7999999999999998,1.0,3.700000000000001,3.5,0.061999999999999944,1.4,0.9000000000000004,0.7,1.4766824203229876,1.3349230663975933,1.0761944399908387,1.3072675673135516,0.22516511788309107,1.08,1
Deni Avdija,2024-25,24.0,POR,SF,72.0,54.0,30.0,7.3,3.9,1.0,0.5,16.9,17.7,23.2,0.605,5.6,2.1,2.2,2.1999999999999993,0.09999999999999964,0.10000000000000009,2.799999999999999,3.0,0.008000000000000007,3.0,2.3999999999999995,1.6,0.4331313115162768,0.9494019768471813,0.8992798395261069,0.05325820787613437,1.028297674983534,0.67,1
Dennis Smith Jr.,2020-21,23.0,2TM,PG,23.0,9.0,18.3,2.4,3.3,1.0,0.6,6.7,13.6,19.0,0.492,0.6,0.4,0.3,,,,,,,,,,,,,,,,0
Dennis Smith Jr.,2021-22,24.0,POR,PG,37.0,4.0,17.2,2.4,3.6,1.2,0.3,5.6,13.2,18.2,0.474,0.4,-1.7,0.1,-1.1000000000000005,0.0,0.30000000000000027,-0.40000000000000036,-0.8000000000000007,-0.018000000000000016,-2.1,-0.19999999999999996,-0.19999999999999998,-0.6104197972904335,-0.4213396748876132,-0.4452711240058561,-0.5505240762974382,-0.3637987573239009,-0.48,0
Dereck Lively II,2023-24,19.0,DAL,C,55.0,42.0,23.5,6.9,1.1,0.7,1.4,8.8,18.1,12.6,0.728,4.9,0.5,0.8,,,,,,,,,,,,,,,,0
Dereck Lively II,2024-25,20.0,DAL,C,36.0,29.0,23.1,7.5,2.4,0.6,1.6,8.7,20.1,13.6,0.704,3.4,3.3,1.1,-0.10000000000000142,0.5999999999999996,1.2999999999999998,2.0,1.0,-0.02400000000000002,2.8,-1.5000000000000004,0.30000000000000004,-0.2941921885611276,0.606716563913483,0.1916214376671791,-0.6898584495682626,-1.0598469734776186,-0.25,0
Derrick Jones Jr.,2020-21,23.0,POR,SF,58.0,43.0,22.7,3.5,0.8,0.6,0.9,6.8,11.9,12.3,0.576,2.4,-1.4,0.2,,,,,,,,,,,,,,,,0
Derrick Jones Jr.,2021-22,24.0,CHI,PF,51.0,8.0,17.6,3.3,0.6,0.5,0.6,5.6,13.0,12.5,0.633,2.2,-0.9,0.2,-1.2000000000000002,-0.20000000000000018,-0.20000000000000007,1.0999999999999996,0.1999999999999993,0.05700000000000005,0.4999999999999999,-0.19999999999999973,0.0,-0.6420425581633641,0.22119547436307185,-0.09144192307639225,1.1911555895878672,-0.3637987573239007,0.06,0
Desmond Bane,2020-21,22.0,MEM,SG,68.0,17.0,22.3,3.1,1.7,0.6,0.2,9.2,12.2,16.1,0.6,2.9,-0.8,0.5,,,,,,,,,,,,,,,,0
Desmond Bane,2021-22,23.0,MEM,SG,76.0,76.0,29.8,4.4,2.7,1.2,0.4,18.2,17.6,23.1,0.592,7.2,2.7,2.7,9.0,1.3000000000000003,1.0000000000000002,5.400000000000002,7.0,-0.008000000000000007,3.5,4.300000000000001,2.2,2.5834790508755594,2.063129568881703,2.3145966432439624,-0.3183001208460641,2.0455989139774293,1.74,1
Desmond Bane,2022-23,24.0,MEM,SG,58.0,58.0,31.7,5.0,4.4,1.0,0.4,21.5,19.1,26.1,0.606,5.8,3.5,2.5,3.3000000000000007,0.5999999999999996,1.7000000000000002,1.5,3.0,0.014000000000000012,0.7999999999999998,-1.4000000000000004,-0.20000000000000018,0.7809816811185141,0.39253818082992137,0.8992798395261069,0.19259258114695882,-1.0063048030042556,0.25,0
Devin Booker,2020-21,24.0,PHO,SG,67.0,67.0,33.9,4.2,4.3,0.8,0.2,25.6,19.2,32.7,0.587,4.9,0.3,1.3,,,,,,,,,,,,,,,,0
Devin Vassell,2020-21,20.0,SAS,SF,62.0,7.0,17.0,2.8,0.9,0.7,0.3,5.5,10.6,14.3,0.524,1.5,-1.5,0.1,,,,,,,,,,,,,,,,0
Devin Vassell,2021-22,21.0,SAS,SF,71.0,32.0,27.3,4.3,1.9,1.1,0.6,12.3,13.3,18.9,0.54,3.3,-0.5,0.7,6.800000000000001,1.5,0.9999999999999999,2.700000000000001,4.599999999999998,0.016000000000000014,1.0,1.7999999999999998,0.6,1.8877783116710858,0.9065663002304699,1.4654065610132485,0.23903737223723362,0.7070446521433568,1.04,1
Devin Vassell,2022-23,22.0,SAS,SG,38.0,32.0,31.0,3.9,3.6,1.1,0.4,18.5,15.5,24.4,0.55,1.2,0.4,0.7,6.199999999999999,-0.3999999999999999,1.7000000000000002,2.1999999999999993,5.5,0.010000000000000009,0.9,-2.0999999999999996,0.0,1.6980417464335018,0.6923879171469074,1.7838528418497668,0.09970299896640918,-1.3810999963177955,0.58,1
Devin Vassell,2023-24,23.0,SAS,SG,68.0,62.0,33.1,3.8,4.1,1.1,0.3,19.5,15.7,23.5,0.578,3.6,0.0,1.1,1.0,-0.10000000000000009,0.49999999999999956,0.1999999999999993,-0.8999999999999986,0.027999999999999914,-0.4,2.4000000000000004,0.40000000000000013,0.05365818104110966,-0.16432561518733932,-0.48065404409880175,0.51770611877888,1.0282976749835344,0.19,0
Devin Vassell,2024-25,24.0,SAS,SG,64.0,53.0,31.0,4.0,2.9,1.3,0.5,16.3,14.2,22.1,0.553,2.2,-1.1,0.4,-3.1999999999999993,0.20000000000000018,-1.1999999999999997,-1.5,-1.3999999999999986,-0.02499999999999991,-1.1,-1.4,-0.7000000000000001,-1.274497775621976,-0.8925321176714488,-0.6575686445635337,-0.7130808451133974,-1.0063048030042554,-0.91,0
Domantas Sabonis,2020-21,24.0,IND,PF,62.0,62.0,36.0,12.0,6.7,1.2,0.5,20.3,20.6,24.1,0.601,6.9,3.8,3.3,,,,,,,,,,,,,,,,0
Dominick Barlow,2022-23,19.0,SAS,PF,28.0,0.0,14.6,3.6,0.9,0.4,0.7,3.9,12.4,11.3,0.567,0.7,-4.6,-0.3,,,,,,,,,,,,,,,,0
Dominick Barlow,2023-24,20.0,SAS,PF,33.0,1.0,12.7,3.4,1.1,0.4,0.4,4.4,14.6,14.1,0.548,1.1,-1.7,0.0,0.5000000000000004,-0.20000000000000018,0.20000000000000007,2.1999999999999993,2.799999999999999,-0.018999999999999906,2.8999999999999995,0.40000000000000013,0.3,-0.1044556233235433,0.6923879171469074,0.8285139993402137,-0.573746471842573,-0.04254573448372348,0.16,0
Donovan Clingan,2024-25,20.0,POR,C,67.0,37.0,19.8,7.9,1.1,0.5,1.6,6.5,17.4,14.2,0.574,4.0,-0.3,0.6,,,,,,,,,,,,,,,,0
Donovan Mitchell,2020-21,24.0,UTA,PG,53.0,53.0,33.4,4.4,5.2,1.0,0.3,26.4,21.3,33.5,0.569,6.2,4.3,2.8,,,,,,,,,,,,,,,,0
Donte DiVincenzo,2020-21,24.0,MIL,SG,66.0,66.0,27.5,5.8,3.1,1.1,0.2,10.4,13.0,16.7,0.542,3.6,0.2,1.0,,,,,,,,,,,,,,,,0
Drew Eubanks,2020-21,23.0,SAS,C,54.0,3.0,14.0,4.5,0.8,0.3,0.9,5.8,17.9,17.1,0.618,2.3,0.0,0.4,,,,,,,,,,,,,,,,0
Drew Eubanks,2021-22,24.0,2TM,C,71.0,31.0,17.5,5.4,1.2,0.4,0.6,7.7,18.0,17.5,0.638,3.4,-1.4,0.2,1.9000000000000004,0.9000000000000004,0.3999999999999999,0.10000000000000142,0.3999999999999986,0.020000000000000018,-1.4,1.1,-0.2,0.3382630288974853,-0.20716129180405077,-0.020676082890499728,0.33192695441778325,0.3322494588298167,0.15,0
Duane Washington Jr.,2021-22,21.0,IND,PG,48.0,7.0,20.2,1.7,1.8,0.5,0.1,9.9,10.2,22.6,0.521,0.0,-4.7,-0.7,,,,,,,,,,,,,,,,0
Duane Washington Jr.,2022-23,22.0,PHO,SG,31.0,3.0,12.7,1.2,2.0,0.2,0.1,7.9,9.3,32.5,0.458,-0.5,-4.6,-0.3,-2.0,-0.5,0.19999999999999996,-0.8999999999999986,9.899999999999999,-0.063,0.10000000000000053,-0.5,0.39999999999999997,-0.8950246451468089,-0.6355180579711741,3.340701325939407,-1.59553187582862,-0.5244252687439895,-0.06,0
Dylan Windler,2020-21,24.0,CLE,SF,31.0,0.0,16.5,3.5,1.1,0.6,0.4,5.2,10.8,14.8,0.567,0.5,-1.7,0.0,,,,,,,,,,,,,,,,0
Dyson Daniels,2022-23,19.0,NOP,PG,59.0,11.0,17.7,3.2,2.3,0.7,0.2,3.8,8.8,11.6,0.503,1.3,-1.8,0.0,,,,,,,,,,,,,,,,0
Dyson Daniels,2023-24,20.0,NOP,PG,61.0,16.0,22.3,3.9,2.7,1.4,0.4,5.8,12.0,12.6,0.529,2.9,0.6,0.9,2.0,0.6999999999999997,0.40000000000000036,3.1999999999999993,1.0,0.026000000000000023,2.4,1.5999999999999999,0.9,0.3698857897704158,1.1207446833140309,0.1916214376671791,0.4712613276886077,0.5999603111966311,0.55,0
Dyson Daniels,2024-25,21.0,ATL,SG,76.0,76.0,33.8,5.9,4.4,3.0,0.7,14.1,15.6,18.2,0.545,5.0,1.5,2.3,8.3,2.0000000000000004,1.7000000000000002,3.5999999999999996,5.6,0.016000000000000014,0.9,2.1,1.4,2.362119724765045,1.2920873897808802,1.819235761942713,0.23903737223723362,0.8676711635634455,1.32,1
Elijah Hughes,2021-22,23.0,2TM,SG,36.0,4.0,12.1,1.6,0.6,0.4,0.2,3.5,5.4,16.5,0.426,-0.4,-6.9,-0.5,,,,,,,,,,,,,,,,0
Eric Paschall,2020-21,24.0,GSW,PF,40.0,2.0,17.4,3.2,1.3,0.3,0.2,9.5,13.4,23.5,0.561,0.9,-2.7,-0.1,,,,,,,,,,,,,,,,0
Evan Mobley,2021-22,20.0,CLE,PF,69.0,69.0,33.8,8.3,2.5,0.8,1.7,15.0,16.1,20.4,0.549,5.2,0.6,1.5,,,,,,,,,,,,,,,,0
Evan Mobley,2022-23,21.0,CLE,PF,79.0,79.0,34.4,9.0,2.8,0.8,1.5,16.2,17.9,20.2,0.591,8.5,1.7,2.5,1.1999999999999993,0.6999999999999993,0.2999999999999998,1.7999999999999972,-0.1999999999999993,0.041999999999999926,1.1,3.3,1.0,0.11690370278697067,0.5210452106800572,-0.2329736034481773,0.8428196564108035,1.5101772092438002,0.55,0
Evan Mobley,2023-24,22.0,CLE,PF,50.0,50.0,30.6,9.4,3.2,0.9,1.4,15.7,20.1,20.6,0.626,5.5,2.9,1.9,-0.5,0.40000000000000036,0.40000000000000036,2.200000000000003,0.40000000000000213,0.03500000000000003,1.2,-3.0,-0.6000000000000001,-0.4206832320528497,0.692387917146909,-0.020676082890498472,0.6802628875948443,-1.8629795305780616,-0.19,0
Evan Mobley,2024-25,23.0,CLE,PF,71.0,71.0,30.5,9.3,3.2,0.9,1.6,18.5,22.3,23.2,0.633,9.0,4.6,3.6,2.8000000000000007,-0.09999999999999964,0.0,2.1999999999999993,2.599999999999998,0.007000000000000006,1.6999999999999997,3.5,1.7000000000000002,0.622867876753861,0.6923879171469074,0.7577481591543206,0.03003581233099696,1.6172615501905259,0.74,1
Frank Jackson,2020-21,22.0,DET,PG,40.0,6.0,18.5,2.2,0.9,0.4,0.0,9.8,13.2,21.3,0.598,1.2,-1.7,0.1,,,,,,,,,,,,,,,,0
Frank Jackson,2021-22,23.0,DET,PG,53.0,7.0,22.0,1.6,1.0,0.5,0.2,10.6,10.6,20.9,0.53,0.7,-3.5,-0.4,0.7999999999999989,-0.6000000000000001,0.09999999999999998,-2.5999999999999996,-0.40000000000000213,-0.06799999999999995,-1.8,-0.5,-0.5,-0.00958734070475192,-1.3637245604552843,-0.30373944363407107,-1.7116438535543057,-0.5244252687439895,-0.78,0
Frank Ntilikina,2022-23,24.0,DAL,SG,47.0,5.0,12.9,1.3,1.2,0.3,0.1,2.9,5.2,13.1,0.461,-0.1,-6.7,-0.7,,,,,,,,,,,,,,,,0
Franz Wagner,2021-22,20.0,ORL,SF,79.0,79.0,30.7,4.5,2.9,0.9,0.4,15.2,14.7,21.2,0.559,4.0,-0.7,0.8,,,,,,,,,,,,,,,,0
Franz Wagner,2022-23,21.0,ORL,SF,80.0,80.0,32.6,4.1,3.5,1.0,0.2,18.6,15.9,23.5,0.589,5.4,-0.1,1.3,3.400000000000002,-0.40000000000000036,0.6000000000000001,1.200000000000001,2.3000000000000007,0.029999999999999916,0.6,1.4000000000000004,0.5,0.8126044419914451,0.2640311509797848,0.6515993988754823,0.5641509098691547,0.49287597024990554,0.56,0
Franz Wagner,2023-24,22.0,ORL,SF,72.0,72.0,32.5,5.3,3.7,1.1,0.4,19.7,17.6,25.7,0.575,6.4,1.2,1.9,1.0999999999999979,1.2000000000000002,0.20000000000000018,1.700000000000001,2.1999999999999993,-0.014000000000000012,1.3,1.0,0.5999999999999999,0.08528094191403959,0.4782095340633465,0.6162164787825355,-0.45763449411688856,0.27870728835645375,0.2,0
Franz Wagner,2024-25,23.0,ORL,SF,60.0,60.0,33.7,5.7,4.7,1.3,0.4,24.2,20.1,31.0,0.558,5.6,3.1,2.6,4.5,0.40000000000000036,1.0,2.5,5.300000000000001,-0.016999999999999904,1.9000000000000001,-0.8000000000000007,0.7000000000000002,1.1604548115936812,0.8208949469970448,1.7130870016638742,-0.5273016807522982,-0.6850517801640786,0.5,0
Freddie Gillespie,2020-21,23.0,TOR,PF,20.0,2.0,19.6,4.9,0.5,0.7,1.0,5.6,13.4,12.2,0.563,0.9,-3.2,-0.1,,,,,,,,,,,,,,,,0
Furkan Korkmaz,2020-21,23.0,PHI,SG,55.0,11.0,19.3,2.1,1.5,0.9,0.2,9.1,12.8,20.5,0.544,2.0,-0.1,0.5,,,,,,,,,,,,,,,,0
Furkan Korkmaz,2021-22,24.0,PHI,SG,67.0,19.0,21.1,2.6,1.9,0.5,0.1,7.6,10.2,17.6,0.502,1.2,-3.1,-0.4,-1.5,0.5,0.3999999999999999,-2.6000000000000014,-2.8999999999999986,-0.04200000000000004,-3.0,-0.8,-0.9,-0.7369108407821559,-1.363724560455285,-1.1883124459577294,-1.1078615693807359,-0.6850517801640782,-1.02,0
GG Jackson II,2023-24,19.0,MEM,PF,48.0,18.0,25.7,4.1,1.2,0.6,0.5,14.6,13.7,24.2,0.554,1.2,-2.0,0.0,,,,,,,,,,,,,,,,0
GG Jackson II,2024-25,20.0,MEM,PF,29.0,3.0,15.8,3.2,1.0,0.4,0.2,7.2,9.3,21.7,0.482,0.1,-5.3,-0.4,-7.3999999999999995,-0.8999999999999995,-0.19999999999999996,-4.399999999999999,-2.5,-0.07200000000000006,-3.3,-1.0999999999999999,-0.4,-2.6026537322850625,-2.134766739556106,-1.0467807655859445,-1.804533435734858,-0.8456782915841669,-1.69,0
Gabe Vincent,2020-21,24.0,MIA,PG,50.0,7.0,13.1,1.1,1.3,0.4,0.0,4.8,7.6,19.1,0.498,0.2,-5.4,-0.6,,,,,,,,,,,,,,,,0
Garrison Mathews,2020-21,24.0,WAS,SG,64.0,24.0,16.2,1.4,0.4,0.5,0.1,5.5,9.7,11.5,0.635,2.3,-1.8,0.1,,,,,,,,,,,,,,,,0
Gary Trent Jr.,2020-21,22.0,2TM,SG,58.0,38.0,31.1,2.6,1.4,1.0,0.2,15.3,12.1,20.9,0.534,1.7,-2.3,-0.1,,,,,,,,,,,,,,,,0
Gary Trent Jr.,2021-22,23.0,TOR,SG,70.0,69.0,35.0,2.7,2.0,1.7,0.3,18.3,14.7,21.8,0.546,5.6,0.2,1.3,3.0,0.10000000000000009,0.6000000000000001,2.5999999999999996,0.9000000000000021,0.01200000000000001,2.5,3.8999999999999995,1.4000000000000001,0.686113398499722,0.863730623613757,0.15623851757423346,0.146147790056684,1.8314302320839773,0.74,1
Gary Trent Jr.,2022-23,24.0,TOR,SG,66.0,44.0,32.1,2.6,1.6,1.6,0.2,17.4,15.0,21.7,0.56,4.5,0.2,1.2,-0.9000000000000021,-0.10000000000000009,-0.3999999999999999,0.3000000000000007,-0.10000000000000142,0.014000000000000012,0.0,-1.0999999999999996,-0.10000000000000009,-0.5471742755445728,-0.12148993857062639,-0.19759068335523167,0.19259258114695882,-0.8456782915841666,-0.3,0
Goga Bitadze,2020-21,21.0,IND,C,45.0,3.0,12.5,3.3,0.8,0.2,1.3,5.1,16.3,18.1,0.523,1.5,-1.0,0.1,,,,,,,,,,,,,,,,0
Goga Bitadze,2021-22,22.0,IND,C,50.0,16.0,14.6,3.5,1.1,0.4,0.8,7.0,18.0,19.9,0.595,1.9,-0.8,0.2,1.9000000000000004,0.20000000000000018,0.30000000000000004,1.6999999999999993,1.7999999999999972,0.07199999999999995,0.19999999999999996,0.3999999999999999,0.1,0.3382630288974853,0.47820953406334576,0.4746847984107492,1.539491522764926,-0.0425457344837236,0.56,0
Goga Bitadze,2022-23,23.0,2TM,C,38.0,1.0,12.0,3.6,1.0,0.4,0.7,4.4,17.1,15.4,0.582,1.3,0.3,0.3,-2.5999999999999996,0.10000000000000009,-0.10000000000000009,-0.8999999999999986,-4.499999999999998,-0.013000000000000012,1.1,-0.5999999999999999,0.09999999999999998,-1.0847612103843924,-0.6355180579711741,-1.7544391674448714,-0.4344120985717511,-0.5779674392173524,-0.9,0
Goga Bitadze,2023-24,24.0,ORL,C,62.0,33.0,15.4,4.6,1.3,0.5,1.2,5.0,17.8,13.3,0.629,3.7,2.1,1.0,0.5999999999999996,0.9999999999999996,0.30000000000000004,0.6999999999999993,-2.0999999999999996,0.04700000000000004,1.8,2.4000000000000004,0.7,-0.07283286245061293,0.04985276789622236,-0.9052490852141588,0.9589316341364932,1.0282976749835344,0.21,0
Gradey Dick,2023-24,20.0,TOR,SG,60.0,17.0,21.1,2.2,1.1,0.6,0.0,8.5,8.9,17.4,0.546,0.3,-5.4,-1.1,,,,,,,,,,,,,,,,0
Gradey Dick,2024-25,21.0,TOR,SG,54.0,54.0,29.4,3.6,1.8,0.9,0.2,14.4,10.9,21.0,0.543,1.4,-3.2,-0.5,5.9,1.4,0.7,2.0,3.6000000000000014,-0.0030000000000000027,2.2,1.0999999999999999,0.6000000000000001,1.6031734638147102,0.606716563913483,1.1115773600837857,-0.20218814312037708,0.3322494588298166,0.69,1
Grant Williams,2020-21,22.0,BOS,PF,63.0,9.0,18.1,2.8,1.0,0.5,0.4,4.7,7.5,12.3,0.546,1.1,-3.7,-0.5,,,,,,,,,,,,,,,,0
Grant Williams,2021-22,23.0,BOS,PF,77.0,21.0,24.4,3.6,1.0,0.5,0.7,7.8,11.2,12.6,0.635,5.1,-0.4,0.8,3.0999999999999996,0.8000000000000003,0.0,3.6999999999999993,0.29999999999999893,0.08899999999999997,3.3000000000000003,3.9999999999999996,1.3,0.7177361593726524,1.3349230663975924,-0.05605900298344599,1.9342722470322617,1.8849724025573402,1.16,1
Grant Williams,2022-23,24.0,BOS,PF,79.0,23.0,25.9,4.6,1.7,0.5,0.4,8.1,10.3,13.1,0.605,4.4,-1.1,0.5,0.2999999999999998,0.9999999999999996,0.7,-0.8999999999999986,0.5,-0.030000000000000027,-0.7000000000000001,-0.6999999999999993,-0.30000000000000004,-0.16770114506940473,-0.6355180579711741,0.014706837202447164,-0.8291928228390871,-0.6315096096907149,-0.45,0
Greg Brown III,2021-22,20.0,POR,SF,48.0,6.0,13.3,2.8,0.7,0.5,0.5,4.7,11.0,17.2,0.515,0.4,-4.7,-0.4,,,,,,,,,,,,,,,,0
Gui Santos,2024-25,22.0,GSW,PF,56.0,2.0,13.6,3.1,1.4,0.4,0.2,4.1,11.7,13.2,0.575,1.7,-1.7,0.1,,,,,,,,,,,,,,,,0
Hamidou Diallo,2020-21,22.0,2TM,SF,52.0,9.0,23.6,5.2,1.9,0.8,0.5,11.6,14.3,22.2,0.541,1.6,-2.1,0.0,,,,,,,,,,,,,,,,0
Hamidou Diallo,2021-22,23.0,DET,SG,58.0,29.0,21.9,4.8,1.3,1.2,0.3,11.0,15.7,21.8,0.541,2.1,-0.5,0.5,-0.5999999999999996,-0.40000000000000036,-0.5999999999999999,1.3999999999999986,-0.3999999999999986,0.0,1.6,0.5,0.5,-0.45230599292578016,0.3497025042132084,-0.30373944363406985,-0.13252095648496487,0.010996435989639336,-0.11,0
Hamidou Diallo,2022-23,24.0,DET,SF,56.0,0.0,17.8,3.5,1.0,0.9,0.3,9.3,15.7,21.8,0.593,1.3,-1.4,0.1,-1.6999999999999993,-1.2999999999999998,-0.30000000000000004,0.0,0.0,0.051999999999999935,-0.8999999999999999,-0.8,-0.4,-0.8001563625280169,-0.2499969684207637,-0.16220776326228478,1.0750436118621776,-0.6850517801640782,-0.16,0
Herbert Jones,2021-22,23.0,NOP,PF,78.0,69.0,29.9,3.8,2.1,1.7,0.8,9.5,12.3,13.7,0.573,4.6,-0.5,0.9,,,,,,,,,,,,,,,,0
Herbert Jones,2022-23,24.0,NOP,PF,66.0,66.0,29.6,4.1,2.5,1.6,0.6,9.8,12.1,14.5,0.567,4.2,-0.3,0.8,0.3000000000000007,0.2999999999999998,0.3999999999999999,-0.20000000000000107,0.8000000000000007,-0.006000000000000005,0.2,-0.39999999999999947,-0.09999999999999998,-0.16770114506940445,-0.3356683216541888,0.12085559748128658,-0.2718553297557893,-0.47088309827062635,-0.23,0
Ignas Brazdeikis,2021-22,23.0,ORL,SF,42.0,1.0,12.8,1.7,0.9,0.2,0.1,5.0,10.2,17.7,0.52,0.5,-4.3,-0.3,,,,,,,,,,,,,,,,0
Immanuel Quickley,2020-21,21.0,NYK,PG,64.0,3.0,19.4,2.1,2.0,0.5,0.2,11.4,15.8,25.6,0.557,3.2,0.9,0.9,,,,,,,,,,,,,,,,0
Immanuel Quickley,2021-22,22.0,NYK,PG,78.0,3.0,23.1,3.2,3.5,0.7,0.0,11.3,14.6,22.2,0.543,4.2,0.2,1.0,-0.09999999999999964,1.1,1.5,-1.200000000000001,-3.400000000000002,-0.014000000000000012,-0.7,1.0,0.09999999999999998,-0.29419218856112705,-0.7640250878213122,-1.3652270464224627,-0.45763449411688856,0.27870728835645375,-0.52,0
Immanuel Quickley,2022-23,23.0,NYK,SG,81.0,21.0,28.9,4.2,3.4,1.0,0.2,14.9,16.3,20.9,0.578,6.7,1.7,2.1,3.5999999999999996,1.0,-0.10000000000000009,1.700000000000001,-1.3000000000000007,0.03499999999999992,1.5,2.5,1.1,0.8758499637373056,0.4782095340633465,-0.6221857244705881,0.6802628875948418,1.0818398454568972,0.5,0
Immanuel Quickley,2023-24,24.0,2TM,SG,68.0,38.0,29.2,3.8,4.9,0.7,0.1,17.0,16.7,23.8,0.577,4.7,1.3,1.7,2.0999999999999996,-0.40000000000000036,1.5000000000000004,0.3999999999999986,2.900000000000002,-0.0010000000000000009,-0.3999999999999999,-2.0,-0.40000000000000013,0.40150855064334634,-0.07865426195391496,0.8638969194331613,-0.15574335203010228,-1.327557825844433,-0.06,0
Isaac Okoro,2020-21,20.0,CLE,SG,67.0,67.0,32.4,3.1,1.9,0.9,0.4,9.6,7.9,14.3,0.514,0.9,-5.1,-1.7,,,,,,,,,,,,,,,,0
Isaac Okoro,2021-22,21.0,CLE,SF,67.0,61.0,29.6,3.0,1.8,0.8,0.3,8.8,10.4,12.4,0.589,4.2,-1.7,0.1,-0.7999999999999989,-0.10000000000000009,-0.09999999999999987,2.5,-1.9000000000000004,0.07499999999999996,3.3999999999999995,3.3000000000000003,1.8,-0.5155515146716412,0.8208949469970448,-0.8344832450282663,1.6091587094003381,1.5101772092438004,0.52,0
Isaac Okoro,2022-23,22.0,CLE,SF,76.0,46.0,21.7,2.5,1.1,0.7,0.4,6.4,10.7,11.9,0.614,4.2,-0.3,0.7,-2.4000000000000004,-0.5,-0.7,0.29999999999999893,-0.5,0.025000000000000022,1.4,0.0,0.6,-1.0215156886385315,-0.12148993857062715,-0.3391223637270167,0.4480389321434703,-0.2567144163771751,-0.26,0
Isaac Okoro,2023-24,23.0,CLE,SF,69.0,42.0,27.3,3.0,1.9,0.8,0.5,9.4,11.4,13.9,0.599,4.2,-1.1,0.4,3.0,0.5,0.7999999999999998,0.7000000000000011,2.0,-0.015000000000000013,-0.8,0.0,-0.29999999999999993,0.686113398499722,0.04985276789622312,0.545450638596643,-0.48085688966202594,-0.2567144163771751,0.11,0
Isaac Okoro,2024-25,24.0,CLE,SG,55.0,22.0,19.1,2.4,1.2,0.6,0.3,6.1,10.7,12.5,0.587,2.5,-0.5,0.4,-3.3000000000000007,-0.6000000000000001,-0.7,-0.7000000000000011,-1.4000000000000004,-0.01200000000000001,0.6000000000000001,-1.7000000000000002,0.0,-1.3061205364949071,-0.5498467047377505,-0.6575686445635344,-0.41118970302661373,-1.1669313144243443,-0.82,0
Isaiah Collier,2024-25,20.0,UTA,PG,71.0,46.0,25.9,3.3,6.3,0.9,0.2,8.7,9.7,18.9,0.494,-0.8,-5.3,-1.6,,,,,,,,,,,,,,,,0
Isaiah Hartenstein,2020-21,22.0,2TM,C,46.0,2.0,12.2,3.9,1.2,0.4,0.8,5.1,17.9,19.2,0.583,1.6,-0.9,0.2,,,,,,,,,,,,,,,,0
Isaiah Hartenstein,2021-22,23.0,LAC,C,68.0,0.0,17.9,4.9,2.4,0.7,1.1,8.3,22.0,18.4,0.664,5.5,4.5,2.0,3.200000000000001,1.0000000000000004,1.2,4.100000000000001,-0.8000000000000007,0.08100000000000007,5.4,3.9,1.8,0.7493589202455836,1.5062657728644429,-0.4452711240058561,1.748493082671165,1.8314302320839775,1.08,1
Isaiah Hartenstein,2022-23,24.0,NYK,C,82.0,8.0,19.8,6.5,1.2,0.6,0.8,5.0,14.2,11.2,0.567,4.6,-0.3,0.7,-3.3000000000000007,1.5999999999999996,-1.2,-7.800000000000001,-7.199999999999999,-0.09700000000000009,-4.8,-0.9000000000000004,-1.3,-1.3061205364949071,-3.5911797445243265,-2.7097780099544244,-2.385093324363293,-0.7385939506374413,-2.15,0
Isaiah Jackson,2021-22,20.0,IND,C,36.0,15.0,15.0,4.1,0.3,0.7,1.4,8.3,20.5,22.5,0.607,1.4,-1.6,0.0,,,,,,,,,,,,,,,,0
Isaiah Jackson,2022-23,21.0,IND,C,63.0,12.0,16.5,4.5,0.8,0.5,1.5,7.2,17.5,17.4,0.595,2.7,-0.8,0.3,-1.1000000000000005,0.40000000000000036,0.5,-3.0,-5.100000000000001,-0.01200000000000001,0.8,1.3000000000000003,0.3,-0.6104197972904335,-1.535067266922134,-1.966736688002551,-0.41118970302661373,0.4393337997765426,-0.82,0
Isaiah Jackson,2023-24,22.0,IND,C,59.0,3.0,13.1,4.0,0.8,0.6,1.0,6.5,21.5,17.2,0.689,3.3,1.7,0.7,-0.7000000000000002,-0.5,0.0,4.0,-0.1999999999999993,0.09399999999999997,2.5,0.5999999999999996,0.39999999999999997,-0.483928753798711,1.4634300962477298,-0.2329736034481773,2.050384224757949,0.06453860646300204,0.57,0
Isaiah Joe,2022-23,23.0,OKC,SG,73.0,10.0,19.1,2.4,1.2,0.7,0.1,9.5,14.5,17.7,0.626,3.8,0.9,1.0,,,,,,,,,,,,,,,,0
Isaiah Joe,2023-24,24.0,OKC,SG,78.0,1.0,18.5,2.3,1.3,0.6,0.3,8.2,13.4,16.6,0.626,3.5,0.9,1.0,-1.3000000000000007,-0.10000000000000009,0.10000000000000009,-1.0999999999999996,-1.0999999999999979,0.0,0.0,-0.2999999999999998,0.0,-0.6736653190362948,-0.7211894112045992,-0.5514198842846942,-0.13252095648496487,-0.41734092779726367,-0.5,0
Isaiah Livers,2022-23,24.0,DET,PF,52.0,22.0,23.1,2.8,0.8,0.5,0.5,6.7,8.4,11.9,0.567,1.0,-2.4,-0.1,,,,,,,,,,,,,,,,0
Isaiah Roby,2020-21,22.0,OKC,PF,61.0,34.0,23.4,5.6,1.8,0.9,0.6,8.7,11.9,17.7,0.555,1.3,-3.3,-0.5,,,,,,,,,,,,,,,,0
Isaiah Roby,2021-22,23.0,OKC,PF,45.0,28.0,21.1,4.8,1.6,0.8,0.8,10.1,18.3,19.0,0.607,2.9,0.6,0.6,1.4000000000000004,-0.7999999999999998,-0.19999999999999996,6.4,1.3000000000000007,0.051999999999999935,3.9,1.5999999999999999,1.1,0.18014922453283225,2.4914863350488257,0.2977701979460185,1.0750436118621776,0.5999603111966311,0.93,1
Isaiah Stewart,2020-21,19.0,DET,C,68.0,14.0,21.4,6.7,0.9,0.6,1.3,7.9,16.4,15.5,0.597,4.0,-1.1,0.3,,,,,,,,,,,,,,,,0
Isaiah Stewart,2021-22,20.0,DET,C,71.0,71.0,25.6,8.7,1.2,0.3,1.1,8.3,14.0,14.6,0.55,3.4,-3.3,-0.6,0.40000000000000036,1.9999999999999991,0.29999999999999993,-2.3999999999999986,-0.9000000000000004,-0.04699999999999993,-2.1999999999999997,-0.6000000000000001,-0.8999999999999999,-0.13607838419647394,-1.2780532072218591,-0.4806540440988024,-1.2239735471064204,-0.5779674392173525,-0.74,0
Isaiah Stewart,2022-23,21.0,DET,C,50.0,47.0,28.3,8.1,1.4,0.4,0.7,11.3,13.1,17.3,0.56,2.0,-2.1,0.0,3.0,-0.5999999999999996,0.19999999999999996,-0.9000000000000004,2.700000000000001,0.010000000000000009,1.1999999999999997,-1.4,0.6,0.686113398499722,-0.6355180579711749,0.7931310792472681,0.09970299896640918,-1.0063048030042554,-0.01,0
Isaiah Stewart,2023-24,22.0,DET,PF,46.0,45.0,30.9,6.6,1.6,0.4,0.8,10.9,11.3,14.5,0.6,1.7,-2.3,-0.1,-0.40000000000000036,-1.5,0.20000000000000018,-1.799999999999999,-2.8000000000000007,0.039999999999999925,-0.19999999999999973,-0.30000000000000004,-0.1,-0.38906047117991915,-1.0210391475215854,-1.1529295258647838,0.7963748653205287,-0.4173409277972638,-0.44,0
Isaiah Stewart,2024-25,23.0,DET,C,72.0,4.0,19.9,5.5,1.7,0.4,1.4,6.0,14.6,12.4,0.616,4.3,0.6,0.9,-4.9,-1.0999999999999996,0.09999999999999987,3.299999999999999,-2.0999999999999996,0.016000000000000014,2.9,2.5999999999999996,1.0,-1.8120847104617968,1.163580359930743,-0.9052490852141588,0.23903737223723362,1.13538201593026,-0.04,0
Isaiah Wong,2024-25,24.0,CHO,SG,20.0,0.0,13.3,1.6,1.4,0.6,0.0,6.0,10.9,22.1,0.5,0.1,-4.0,-0.1,,,,,,,,,,,,,,,,0
Ivica Zubac,2020-21,23.0,LAC,C,72.0,33.0,22.3,7.2,1.3,0.3,0.9,9.0,19.1,15.1,0.693,6.9,1.0,1.2,,,,,,,,,,,,,,,,0
Ivica Zubac,2021-22,24.0,LAC,C,76.0,76.0,24.4,8.5,1.6,0.5,1.0,10.3,19.2,16.8,0.66,7.2,0.7,1.3,1.3000000000000007,1.2999999999999998,0.30000000000000004,0.09999999999999787,1.700000000000001,-0.03299999999999992,-0.30000000000000004,0.2999999999999998,0.10000000000000009,0.14852646365990174,-0.20716129180405227,0.4393018783178042,-0.8988600094744967,-0.09608790495708654,-0.12,0
JT Thor,2022-23,20.0,CHO,PF,69.0,8.0,14.0,2.2,0.5,0.3,0.3,3.8,7.0,13.1,0.506,0.2,-4.7,-0.7,,,,,,,,,,,,,,,,0
JT Thor,2023-24,21.0,CHO,PF,63.0,3.0,12.4,2.3,0.5,0.2,0.4,3.2,9.1,11.7,0.519,0.6,-4.5,-0.5,-0.5999999999999996,0.09999999999999964,0.0,2.0999999999999996,-1.4000000000000004,0.013000000000000012,0.20000000000000018,0.39999999999999997,0.19999999999999996,-0.45230599292578016,0.6495522405301952,-0.6575686445635344,0.1693701856018214,-0.04254573448372357,-0.07,0
JT Thor,2024-25,22.0,2TM,PF,20.0,0.0,12.5,2.4,0.3,0.4,0.5,3.6,10.0,13.1,0.517,0.2,-5.4,-0.2,0.3999999999999999,0.10000000000000009,-0.2,0.9000000000000004,1.4000000000000004,-0.0020000000000000018,-0.9000000000000004,-0.39999999999999997,0.3,-0.13607838419647408,0.13552412112964748,0.3331531180389648,-0.1789657475752397,-0.47088309827062663,-0.06,0
Ja Morant,2020-21,21.0,MEM,PG,63.0,63.0,32.6,4.0,7.4,0.9,0.2,19.1,16.7,27.2,0.537,3.2,-0.4,0.8,,,,,,,,,,,,,,,,0
Ja Morant,2021-22,22.0,MEM,PG,57.0,57.0,33.1,5.7,6.7,1.2,0.4,27.4,24.4,33.7,0.575,6.7,6.1,3.9,8.299999999999997,1.7000000000000002,-0.7000000000000002,7.699999999999999,6.5000000000000036,0.03799999999999992,6.5,3.5,3.0999999999999996,2.362119724765044,3.0483501310660857,2.137682042779232,0.7499300742302539,1.6172615501905259,1.98,1
Ja Morant,2022-23,23.0,MEM,PG,61.0,59.0,31.9,5.9,8.1,1.1,0.3,26.2,23.3,34.9,0.557,6.0,5.7,3.8,-1.1999999999999993,0.20000000000000018,1.3999999999999995,-1.0999999999999979,1.1999999999999957,-0.017999999999999905,-0.39999999999999947,-0.7000000000000002,-0.10000000000000009,-0.6420425581633638,-0.7211894112045985,0.26238727785307037,-0.5505240762974356,-0.6315096096907155,-0.46,0
Ja'Kobe Walter,2024-25,20.0,TOR,SG,52.0,18.0,21.2,3.1,1.6,0.8,0.2,8.6,10.8,18.2,0.523,1.2,-3.0,-0.3,,,,,,,,,,,,,,,,0
Jabari Smith Jr.,2022-23,19.0,HOU,PF,79.0,79.0,31.0,7.2,1.3,0.5,0.9,12.8,11.2,18.4,0.514,1.9,-3.7,-1.1,,,,,,,,,,,,,,,,0
Jabari Smith Jr.,2023-24,20.0,HOU,PF,76.0,76.0,31.9,8.1,1.6,0.7,0.8,13.7,13.8,17.6,0.571,5.6,-0.4,1.0,0.8999999999999986,0.8999999999999995,0.30000000000000004,2.6000000000000014,-0.7999999999999972,0.05699999999999994,3.3000000000000003,3.6999999999999997,2.1,0.022035420168178586,0.8637306236137577,-0.4452711240058549,1.1911555895878647,1.7243458911372516,0.67,1
Jabari Smith Jr.,2024-25,21.0,HOU,PF,57.0,39.0,30.1,7.0,1.1,0.4,0.7,12.2,12.6,16.4,0.562,4.2,-0.7,0.6,-1.5,-1.0999999999999996,-0.5,-1.200000000000001,-1.2000000000000028,-0.008999999999999897,-0.29999999999999993,-1.3999999999999995,-0.4,-0.7369108407821559,-0.7640250878213122,-0.5868028043776424,-0.34152251639119896,-1.0063048030042552,-0.69,0
Jabari Walker,2023-24,21.0,POR,PF,72.0,23.0,23.6,7.1,1.0,0.6,0.3,8.9,13.0,16.3,0.546,2.9,-3.3,-0.6,,,,,,,,,,,,,,,,0
Jabari Walker,2024-25,22.0,POR,PF,60.0,1.0,12.5,3.5,0.6,0.6,0.1,5.2,15.0,16.3,0.601,2.0,-0.8,0.2,-3.7,-3.5999999999999996,-0.4,2.0,0.0,0.05499999999999994,2.5,-0.8999999999999999,0.8,-1.4326115799866295,0.606716563913483,-0.16220776326228478,1.1447107984975897,-0.738593950637441,-0.12,0
Jaden Hardy,2022-23,20.0,DAL,SG,48.0,5.0,14.8,1.9,1.4,0.4,0.1,8.8,14.6,26.4,0.571,0.7,-2.3,0.0,,,,,,,,,,,,,,,,0
Jaden Hardy,2023-24,21.0,DAL,SG,73.0,7.0,13.5,1.8,1.5,0.3,0.1,7.3,11.2,24.9,0.517,0.3,-4.1,-0.5,-1.5000000000000009,-0.09999999999999987,0.10000000000000009,-3.4000000000000004,-1.5,-0.05399999999999994,-1.7999999999999998,-0.39999999999999997,-0.5,-0.7369108407821562,-1.7064099733889833,-0.6929515646564806,-1.3865303159223823,-0.47088309827062663,-1.0,0
Jaden Hardy,2024-25,22.0,DAL,SG,57.0,3.0,15.9,1.6,1.4,0.5,0.1,8.7,10.4,25.3,0.549,-0.3,-4.7,-0.6,1.3999999999999995,-0.19999999999999996,-0.10000000000000009,-0.7999999999999989,0.40000000000000213,0.03200000000000003,-0.6000000000000005,-0.6,-0.09999999999999998,0.18014922453283197,-0.5926823813544619,-0.020676082890498472,0.6105957009594322,-0.5779674392173525,-0.08,0
Jaden Ivey,2022-23,20.0,DET,SG,74.0,73.0,31.1,3.9,5.2,0.8,0.2,16.3,12.1,25.4,0.528,0.0,-3.3,-0.7,,,,,,,,,,,,,,,,0
Jaden Ivey,2023-24,21.0,DET,SG,77.0,61.0,28.8,3.4,3.8,0.7,0.5,15.4,12.4,24.9,0.536,0.5,-3.1,-0.6,-0.9000000000000004,-0.5,-1.4000000000000004,0.3000000000000007,-0.5,0.008000000000000007,0.19999999999999973,0.5,0.09999999999999998,-0.5471742755445722,-0.12148993857062639,-0.3391223637270167,0.05325820787613437,0.010996435989639336,-0.19,0
Jaden Ivey,2024-25,22.0,DET,SG,30.0,30.0,29.9,4.1,4.0,0.9,0.4,17.6,14.7,26.0,0.569,1.2,0.0,0.5,2.200000000000001,0.6999999999999997,0.20000000000000018,2.299999999999999,1.1000000000000014,0.03299999999999992,3.1,0.7,1.1,0.4331313115162774,0.7352235937636196,0.227004357760126,0.633818096504567,0.1180807769363651,0.43,0
Jaden McDaniels,2020-21,20.0,MIN,PF,63.0,27.0,24.0,3.7,1.1,0.6,1.0,6.8,8.9,12.0,0.552,1.4,-3.5,-0.6,,,,,,,,,,,,,,,,0
Jaden McDaniels,2021-22,21.0,MIN,PF,70.0,31.0,25.8,4.2,1.1,0.7,0.8,9.2,10.3,15.3,0.553,2.4,-2.9,-0.4,2.3999999999999995,0.5,0.0,1.4000000000000004,3.3000000000000007,0.0010000000000000009,0.6000000000000001,1.0,0.19999999999999996,0.4963768332621381,0.3497025042132092,1.0054285998049464,-0.10929856093982747,0.27870728835645375,0.4,0
Jaden McDaniels,2022-23,22.0,MIN,SF,79.0,79.0,30.6,3.9,1.9,0.9,1.0,12.1,12.0,15.8,0.611,4.4,-1.2,0.5,2.9000000000000004,-0.30000000000000027,0.7999999999999998,1.6999999999999993,0.5,0.05799999999999994,1.7,2.0000000000000004,0.9,0.6544906376267915,0.47820953406334576,0.014706837202447164,1.214377985133002,0.8141289930900829,0.64,1
Jaden McDaniels,2023-24,23.0,MIN,SF,72.0,71.0,29.2,3.1,1.4,0.9,0.6,10.5,9.4,15.7,0.571,3.4,-2.6,-0.3,-1.5999999999999996,-0.7999999999999998,-0.5,-2.5999999999999996,-0.10000000000000142,-0.040000000000000036,-1.4000000000000001,-1.0000000000000004,-0.8,-0.7685336016550863,-1.3637245604552843,-0.19759068335523167,-1.061416778290461,-0.7921361211108042,-0.84,0
Jaden McDaniels,2024-25,24.0,MIN,PF,82.0,82.0,31.9,5.7,2.0,1.3,0.9,12.2,13.3,16.3,0.562,6.3,0.0,1.4,1.6999999999999993,2.6,0.6000000000000001,3.9000000000000004,0.6000000000000014,-0.008999999999999897,2.6,2.9,1.7,0.27501750715162376,1.4205944196310176,0.050089757295394055,-0.34152251639119896,1.2960085273503485,0.54,0
Jaime Jaquez Jr.,2023-24,22.0,MIA,SF,75.0,20.0,28.2,3.8,2.6,1.0,0.3,11.9,12.9,18.7,0.574,4.0,-1.9,0.1,,,,,,,,,,,,,,,,0
Jaime Jaquez Jr.,2024-25,23.0,MIA,SF,66.0,17.0,20.7,4.4,2.5,0.9,0.2,8.6,14.3,20.2,0.543,2.3,-0.9,0.4,-3.3000000000000007,0.6000000000000005,-0.10000000000000009,1.4000000000000004,1.5,-0.030999999999999917,0.9999999999999999,-1.7000000000000002,0.30000000000000004,-1.3061205364949071,0.3497025042132092,0.36853603813191105,-0.852415218384222,-1.1669313144243443,-0.52,0
Jake LaRavia,2023-24,22.0,MEM,PF,35.0,6.0,23.0,3.7,1.7,0.8,0.3,10.8,12.6,21.1,0.54,1.0,-2.5,-0.1,,,,,,,,,,,,,,,,0
Jake LaRavia,2024-25,23.0,2TM,PF,66.0,0.0,20.4,3.9,2.4,0.9,0.3,6.9,12.6,14.4,0.591,2.9,0.2,0.8,-3.9000000000000004,0.19999999999999973,0.7,0.0,-6.700000000000001,0.050999999999999934,2.7,1.9,0.9,-1.4958571017324906,-0.2499969684207637,-2.532863409489693,1.0518212163170402,0.7605868226167197,-0.49,0
Jalen Brunson,2020-21,24.0,DAL,PG,68.0,12.0,25.0,3.4,3.5,0.5,0.0,12.6,17.1,20.2,0.618,5.1,0.9,1.2,,,,,,,,,,,,,,,,0
Jalen Duren,2022-23,19.0,DET,C,67.0,31.0,24.9,8.9,1.1,0.7,0.9,9.1,17.3,14.3,0.655,4.5,-0.8,0.5,,,,,,,,,,,,,,,,0
Jalen Duren,2023-24,20.0,DET,C,61.0,60.0,29.1,11.6,2.4,0.5,0.8,13.8,18.7,18.5,0.653,4.8,-0.1,0.9,4.700000000000001,2.6999999999999993,1.2999999999999998,1.3999999999999986,4.199999999999999,-0.0020000000000000018,0.7000000000000001,0.2999999999999998,0.4,1.2237003333395429,0.3497025042132084,1.3238748806414633,-0.1789657475752397,-0.09608790495708654,0.52,0
Jalen Duren,2024-25,21.0,DET,C,78.0,78.0,26.1,10.3,2.7,0.7,1.1,11.8,21.4,16.4,0.703,9.2,3.1,2.7,-2.0,-1.299999999999999,0.30000000000000027,2.6999999999999993,-2.1000000000000014,0.04999999999999993,3.2,4.3999999999999995,1.8000000000000003,-0.8950246451468089,0.9065663002304691,-0.9052490852141595,1.0285988207719028,2.0991410844507916,0.45,0
Jalen Green,2021-22,19.0,HOU,SG,67.0,67.0,31.9,3.4,2.6,0.7,0.3,17.3,12.5,23.7,0.547,0.7,-2.9,-0.5,,,,,,,,,,,,,,,,0
Jalen Green,2022-23,20.0,HOU,SG,76.0,76.0,34.2,3.7,3.7,0.8,0.2,22.1,14.5,28.1,0.538,1.8,-2.1,0.0,4.800000000000001,0.30000000000000027,1.1,2.0,4.400000000000002,-0.009000000000000008,0.7999999999999998,1.1,0.5,1.2553230942124733,0.606716563913483,1.394640720827357,-0.3415225163912015,0.3322494588298167,0.65,1
Jalen Green,2023-24,21.0,HOU,SG,82.0,82.0,31.7,5.2,3.5,0.8,0.3,19.6,14.7,27.4,0.541,3.1,-0.5,1.0,-2.5,1.5,-0.20000000000000018,0.1999999999999993,-0.7000000000000028,0.0030000000000000027,1.6,1.3,1.0,-1.053138449511462,-0.16432561518733932,-0.4098882039129105,-0.06285376984955267,0.43933379977654247,-0.25,0
Jalen Green,2024-25,22.0,HOU,SG,82.0,82.0,32.9,4.6,3.4,0.9,0.3,21.0,15.1,27.3,0.544,5.1,0.5,1.7,1.3999999999999986,-0.6000000000000005,-0.10000000000000009,0.40000000000000036,-0.09999999999999787,0.0030000000000000027,1.0,1.9999999999999996,0.7,0.1801492245328317,-0.0786542619539142,-0.19759068335523042,-0.06285376984955267,0.8141289930900825,0.13,0
Jalen Johnson,2022-23,21.0,ATL,SF,70.0,6.0,14.9,4.0,1.2,0.5,0.5,5.6,14.1,16.0,0.554,2.1,0.3,0.6,,,,,,,,,,,,,,,,0
Jalen Johnson,2023-24,22.0,ATL,SF,56.0,52.0,33.7,8.7,3.6,1.2,0.8,16.0,16.3,19.1,0.584,3.8,1.2,1.5,10.4,4.699999999999999,2.4000000000000004,2.200000000000001,3.1000000000000014,0.029999999999999916,0.8999999999999999,1.6999999999999997,0.9,3.026197703096588,0.6923879171469082,0.9346627596190538,0.5641509098691547,0.6535024816699938,1.17,1
Jalen Johnson,2024-25,23.0,ATL,SF,36.0,36.0,35.7,10.0,5.0,1.6,1.0,18.9,17.3,22.5,0.569,2.4,1.8,1.2,2.8999999999999986,1.3000000000000007,1.4,1.0,3.3999999999999986,-0.015000000000000013,0.6000000000000001,-1.4,-0.30000000000000004,0.6544906376267909,0.17835979774635968,1.040811519897892,-0.48085688966202594,-1.0063048030042554,0.08,0
Jalen McDaniels,2020-21,23.0,CHO,SF,47.0,18.0,19.2,3.6,1.1,0.6,0.4,7.4,11.4,17.0,0.554,1.2,-3.2,-0.3,,,,,,,,,,,,,,,,0
Jalen McDaniels,2021-22,24.0,CHO,SF,55.0,2.0,16.3,3.1,1.1,0.5,0.4,6.2,12.7,15.3,0.595,1.7,-2.3,-0.1,-1.2000000000000002,-0.5,0.0,1.299999999999999,-1.6999999999999993,0.040999999999999925,0.9000000000000004,0.5,0.19999999999999998,-0.6420425581633641,0.30686682759649625,-0.7637174048423732,0.8195972608656661,0.010996435989639336,-0.05,0
Jalen Smith,2021-22,21.0,2TM,PF,51.0,8.0,18.1,6.0,0.5,0.3,0.8,9.2,18.4,20.3,0.595,2.8,-0.5,0.3,,,,,,,,,,,,,,,,0
Jalen Smith,2022-23,22.0,IND,C,68.0,31.0,18.8,5.8,1.0,0.3,0.9,9.4,15.9,21.0,0.565,2.3,-2.1,0.0,0.20000000000000107,-0.20000000000000018,0.5,-2.4999999999999982,0.6999999999999993,-0.030000000000000027,-1.6,-0.5,-0.3,-0.19932390594233496,-1.3208888838385713,0.08547267738833969,-0.8291928228390871,-0.5244252687439895,-0.56,0
Jalen Smith,2023-24,23.0,IND,C,61.0,14.0,17.2,5.5,1.0,0.3,0.6,9.9,20.7,19.4,0.682,4.0,2.4,1.2,0.5,-0.2999999999999998,0.0,4.799999999999999,-1.6000000000000014,0.1170000000000001,4.5,1.7000000000000002,1.2,-0.10445562332354344,1.8061155091814278,-0.7283344847494275,2.5844993222961117,0.6535024816699941,0.84,1
Jalen Smith,2024-25,24.0,CHI,C,64.0,2.0,15.0,5.6,1.0,0.3,0.7,8.2,18.7,21.0,0.586,2.9,0.9,0.7,-1.700000000000001,0.09999999999999964,0.0,-2.0,1.6000000000000014,-0.09600000000000009,-1.5,-1.1,-0.5,-0.8001563625280175,-1.1067105007550104,0.40391895822485796,-2.361870928818156,-0.845678291584167,-0.94,0
Jalen Suggs,2021-22,20.0,ORL,PG,48.0,45.0,27.2,3.6,4.4,1.2,0.4,11.8,8.6,25.3,0.455,-1.6,-5.6,-1.2,,,,,,,,,,,,,,,,0
Jalen Suggs,2022-23,21.0,ORL,SG,53.0,19.0,23.5,3.0,2.9,1.3,0.5,9.9,12.5,20.3,0.528,1.4,-1.0,0.3,-1.9000000000000004,-0.6000000000000001,-1.5000000000000004,3.9000000000000004,-5.0,0.07300000000000001,4.6,3.0,1.5,-0.8634018842738784,1.4205944196310176,-1.931353767909604,1.5627139183100645,1.3495506978237115,0.31,0
Jalen Suggs,2023-24,22.0,ORL,SG,75.0,75.0,27.0,3.1,2.7,1.4,0.6,12.6,14.1,19.7,0.602,4.7,1.0,1.5,2.6999999999999993,0.10000000000000009,-0.19999999999999973,1.5999999999999996,-0.6000000000000014,0.07399999999999995,2.0,3.3000000000000003,1.2,0.5912451158809299,0.43537385744663354,-0.3745052838199636,1.5859363138552007,1.5101772092438004,0.75,1
Jalen Suggs,2024-25,23.0,ORL,PG,35.0,35.0,28.6,4.0,3.7,1.5,0.9,16.2,14.4,27.5,0.536,1.1,0.4,0.6,3.5999999999999996,0.8999999999999999,1.0,0.3000000000000007,7.800000000000001,-0.06599999999999995,-0.6,-3.6,-0.9,0.8758499637373056,-0.12148993857062639,2.5976600039875337,-1.665199062464031,-2.184232553418239,-0.1,0
Jalen Williams,2022-23,21.0,OKC,SG,75.0,62.0,30.3,4.5,3.3,1.4,0.5,14.1,15.6,18.4,0.601,5.6,0.3,1.3,,,,,,,,,,,,,,,,0
Jalen Williams,2023-24,22.0,OKC,PF,71.0,71.0,31.3,4.0,4.5,1.1,0.6,19.1,19.1,23.7,0.621,7.3,2.3,2.4,5.000000000000002,-0.5,1.2000000000000002,3.5000000000000018,5.300000000000001,0.020000000000000018,1.9999999999999998,1.7000000000000002,1.0999999999999999,1.318568615958335,1.249251713164169,1.7130870016638742,0.33192695441778325,0.6535024816699941,1.05,1
Jalen Williams,2024-25,23.0,OKC,SG,69.0,69.0,32.4,5.3,5.1,1.6,0.7,21.6,20.3,27.5,0.573,7.8,4.0,3.4,2.5,1.2999999999999998,0.5999999999999996,1.1999999999999993,3.8000000000000007,-0.04800000000000004,1.7000000000000002,0.5,1.0,0.5279995941350689,0.264031150979784,1.1823432002696783,-1.2471959426515604,0.010996435989639336,0.15,0
Jalen Wilson,2023-24,23.0,BRK,PF,43.0,3.0,15.4,3.0,1.0,0.3,0.1,5.0,10.8,14.3,0.537,1.1,-2.9,-0.2,,,,,,,,,,,,,,,,0
Jalen Wilson,2024-25,24.0,BRK,PF,79.0,22.0,25.7,3.4,1.8,0.5,0.1,9.5,9.5,16.6,0.541,1.9,-3.9,-1.0,4.5,0.3999999999999999,0.8,-1.3000000000000007,2.3000000000000007,0.0040000000000000036,-1.0,0.7999999999999998,-0.8,1.1604548115936812,-0.8068607644380243,0.6515993988754823,-0.039631374304415254,0.17162294740972792,0.23,0
Jamal Murray,2020-21,23.0,DEN,PG,48.0,48.0,35.5,4.0,4.8,1.3,0.3,21.2,18.3,24.8,0.592,4.6,2.0,1.7,,,,,,,,,,,,,,,,0
Jamal Shead,2024-25,22.0,TOR,PG,75.0,11.0,19.6,1.5,4.2,0.8,0.1,7.1,9.9,18.6,0.499,0.8,-4.1,-0.8,,,,,,,,,,,,,,,,0
James Bouknight,2022-23,22.0,CHO,SG,34.0,0.0,15.1,2.1,1.2,0.4,0.1,5.6,6.2,19.5,0.463,-0.4,-6.5,-0.6,,,,,,,,,,,,,,,,0
James Wiseman,2020-21,19.0,GSW,C,39.0,27.0,21.4,5.8,0.7,0.3,0.9,11.5,13.1,23.8,0.552,0.7,-5.0,-0.6,,,,,,,,,,,,,,,,0
James Wiseman,2022-23,21.0,2TM,C,45.0,22.0,19.3,5.9,0.7,0.2,0.6,10.0,15.6,21.2,0.589,1.4,-3.5,-0.3,-1.5,0.10000000000000053,0.0,2.5,-2.6000000000000014,0.03699999999999992,1.5,0.7,0.3,-0.7369108407821559,0.8208949469970448,-1.0821636856788914,0.7267076786851165,0.1180807769363651,-0.03,0
James Wiseman,2023-24,22.0,DET,C,63.0,6.0,17.3,5.3,0.9,0.2,0.6,7.1,14.8,16.3,0.637,2.1,-3.5,-0.4,-2.9000000000000004,-0.6000000000000005,0.20000000000000007,-0.7999999999999989,-4.899999999999999,0.04800000000000004,0.0,0.7000000000000002,-0.10000000000000003,-1.1796294930031845,-0.5926823813544619,-1.895970847816657,0.9821540296816306,0.1180807769363652,-0.51,0
Jamison Battle,2024-25,23.0,TOR,SF,59.0,10.0,17.7,2.7,0.9,0.3,0.2,7.1,10.7,15.3,0.59,1.7,-2.3,-0.1,,,,,,,,,,,,,,,,0
Jarace Walker,2024-25,21.0,IND,PF,75.0,5.0,15.8,3.1,1.5,0.7,0.3,6.1,11.9,17.1,0.59,1.6,-0.9,0.3,,,,,,,,,,,,,,,,0
Jared Butler,2023-24,23.0,WAS,SG,40.0,0.0,14.2,1.5,3.2,0.7,0.2,6.3,14.1,19.9,0.579,0.6,-2.1,0.0,,,,,,,,,,,,,,,,0
Jared Butler,2024-25,24.0,2TM,SG,60.0,17.0,17.4,1.8,3.7,0.7,0.2,9.0,15.6,23.6,0.549,1.4,-1.0,0.3,2.7,0.30000000000000004,0.5,1.5,3.700000000000003,-0.029999999999999916,1.1,0.7999999999999999,0.3,0.5912451158809302,0.39253818082992137,1.1469602801767327,-0.8291928228390846,0.17162294740972797,0.29,0
Jared McCain,2024-25,20.0,PHI,SG,23.0,8.0,25.7,2.4,2.6,0.7,0.0,15.3,15.2,24.7,0.589,0.7,0.2,0.3,,,,,,,,,,,,,,,,0
Jaren Jackson Jr.,2021-22,22.0,MEM,PF,78.0,78.0,27.3,5.8,1.1,0.9,2.3,16.3,17.0,25.4,0.535,5.4,-0.1,1.0,,,,,,,,,,,,,,,,0
Jaren Jackson Jr.,2022-23,23.0,MEM,C,63.0,63.0,28.4,6.8,1.0,1.0,3.0,18.6,21.6,24.7,0.613,6.6,2.8,2.2,2.3000000000000007,1.0,-0.10000000000000009,4.600000000000001,-0.6999999999999993,0.07799999999999996,2.9,1.1999999999999993,1.2000000000000002,0.4647540723892079,1.7204441559480042,-0.40988820391290925,1.6788258960357503,0.3857916293031792,0.77,1
Jaren Jackson Jr.,2023-24,24.0,MEM,C,66.0,66.0,32.2,5.5,2.3,1.2,1.6,22.5,17.4,30.4,0.552,3.0,0.4,1.3,3.8999999999999986,-1.2999999999999998,1.2999999999999998,-4.200000000000003,5.699999999999999,-0.06099999999999994,-2.4,-3.5999999999999996,-0.9000000000000001,0.9707182463560972,-2.0490953863226835,1.8546186820356592,-1.549087084738344,-2.184232553418239,-0.59,0
Jarred Vanderbilt,2020-21,21.0,MIN,PF,64.0,30.0,17.8,5.8,1.2,1.0,0.7,5.4,16.2,12.3,0.612,3.1,-0.1,0.5,,,,,,,,,,,,,,,,0
Jarred Vanderbilt,2021-22,22.0,MIN,PF,74.0,67.0,25.4,8.4,1.3,1.3,0.6,6.9,15.3,10.9,0.612,6.0,0.2,1.1,1.5,2.6000000000000005,0.10000000000000009,-0.8999999999999986,-1.4000000000000004,0.0,0.30000000000000004,2.9,0.6000000000000001,0.21177198540576275,-0.6355180579711741,-0.6575686445635344,-0.13252095648496487,1.2960085273503485,0.02,0
Jarred Vanderbilt,2022-23,23.0,2TM,PF,78.0,65.0,24.1,7.5,2.4,1.1,0.3,7.9,15.1,13.6,0.604,5.2,1.1,1.5,1.0,-0.9000000000000004,1.0999999999999999,-0.20000000000000107,2.6999999999999993,-0.008000000000000007,0.9000000000000001,-0.7999999999999998,0.3999999999999999,0.05365818104110966,-0.3356683216541888,0.7931310792472674,-0.3183001208460641,-0.6850517801640781,-0.1,0
Jarred Vanderbilt,2023-24,24.0,LAL,PF,29.0,6.0,20.0,4.8,1.2,1.2,0.2,5.2,11.6,11.7,0.578,1.1,-1.6,0.0,-2.7,-2.7,-1.2,-3.5,-1.9000000000000004,-0.026000000000000023,-2.7,-4.1,-1.5,-1.1163839712573234,-1.7492456500056957,-0.8344832450282663,-0.7363032406585375,-2.4519434057850535,-1.38,0
Jarrett Allen,2020-21,22.0,2TM,C,63.0,45.0,29.6,10.0,1.7,0.5,1.4,12.8,20.1,16.6,0.661,6.4,1.1,1.4,,,,,,,,,,,,,,,,0
Jarrett Allen,2021-22,23.0,CLE,C,56.0,56.0,32.3,10.8,1.6,0.8,1.3,16.1,23.0,18.1,0.698,8.5,3.9,2.7,3.3000000000000007,0.8000000000000007,-0.09999999999999987,2.8999999999999986,1.5,0.03699999999999992,2.8,2.0999999999999996,1.3000000000000003,0.7809816811185141,0.9922376534638935,0.36853603813191105,0.7267076786851165,0.8676711635634453,0.75,1
Jarrett Allen,2022-23,24.0,CLE,C,68.0,68.0,32.6,9.8,1.7,0.8,1.2,14.3,19.9,16.4,0.67,9.5,2.4,2.4,-1.8000000000000007,-1.0,0.09999999999999987,-3.1000000000000014,-1.7000000000000028,-0.027999999999999914,-1.5,1.0,-0.30000000000000027,-0.831779123400948,-1.5779029435388467,-0.7637174048423744,-0.7827480317488097,0.27870728835645375,-0.74,0
Jarrett Culver,2020-21,21.0,MIN,SG,34.0,7.0,14.7,3.1,0.7,0.5,0.3,5.3,8.8,18.2,0.476,-0.1,-5.6,-0.5,,,,,,,,,,,,,,,,0
Javon Freeman-Liberty,2023-24,24.0,TOR,PG,22.0,6.0,18.3,3.2,1.8,0.5,0.2,7.0,10.7,17.5,0.547,0.2,-5.2,-0.3,,,,,,,,,,,,,,,,0
Jaxson Hayes,2020-21,20.0,NOP,C,60.0,3.0,16.1,4.3,0.6,0.4,0.6,7.5,19.1,16.2,0.675,3.5,0.6,0.6,,,,,,,,,,,,,,,,0
Jaxson Hayes,2021-22,21.0,NOP,C,70.0,28.0,20.0,4.5,0.6,0.5,0.8,9.3,18.5,16.4,0.68,5.1,0.2,0.8,1.8000000000000007,0.20000000000000018,0.0,-0.6000000000000014,0.1999999999999993,0.0050000000000000044,-0.39999999999999997,1.5999999999999996,0.20000000000000007,0.30664026802455485,-0.5070110281210384,-0.09144192307639225,-0.01640897875927785,0.599960311196631,0.06,0
Jaxson Hayes,2022-23,22.0,NOP,C,47.0,2.0,13.0,2.8,0.7,0.4,0.4,5.0,13.7,15.7,0.605,1.5,-1.2,0.1,-4.300000000000001,-1.7000000000000002,0.09999999999999998,-4.800000000000001,-0.6999999999999993,-0.07500000000000007,-1.4,-3.5999999999999996,-0.7000000000000001,-1.6223481452242132,-2.3061094460229565,-0.40988820391290925,-1.8742006223702703,-2.184232553418239,-1.68,0
Jaxson Hayes,2023-24,23.0,LAL,C,70.0,5.0,12.5,3.0,0.5,0.5,0.4,4.3,14.0,12.5,0.718,2.5,-1.9,0.0,-0.7000000000000002,0.20000000000000018,-0.19999999999999996,0.3000000000000007,-3.1999999999999993,0.11299999999999999,-0.7,1.0,-0.1,-0.483928753798711,-0.12148993857062639,-1.294461206236569,2.4916097401155595,0.27870728835645375,0.17,0
Jaxson Hayes,2024-25,24.0,LAL,C,56.0,35.0,19.5,4.8,1.0,0.6,0.9,6.8,15.8,12.4,0.72,3.7,-0.3,0.5,2.5,1.7999999999999998,0.5,1.8000000000000007,-0.09999999999999964,0.0020000000000000018,1.5999999999999999,1.2000000000000002,0.5,0.5279995941350689,0.5210452106800587,-0.19759068335523103,-0.08607616539469007,0.3857916293031797,0.23,0
Jaylen Brown,2020-21,24.0,BOS,SG,58.0,58.0,34.5,6.0,3.4,1.2,0.6,24.7,19.9,29.7,0.586,4.8,2.5,2.3,,,,,,,,,,,,,,,,0
Jaylen Clark,2024-25,23.0,MIN,SG,40.0,4.0,13.1,1.3,0.7,0.9,0.1,4.1,12.0,12.0,0.598,1.6,-0.2,0.2,,,,,,,,,,,,,,,,0
Jaylen Nowell,2020-21,21.0,MIN,SG,42.0,0.0,18.1,2.3,1.5,0.5,0.3,9.0,12.3,21.4,0.528,0.7,-2.8,-0.2,,,,,,,,,,,,,,,,0
Jaylen Nowell,2021-22,22.0,MIN,SG,62.0,1.0,15.7,2.0,2.1,0.4,0.2,8.5,16.8,21.0,0.581,2.8,0.8,0.7,-0.5,-0.2999999999999998,0.6000000000000001,4.5,-0.3999999999999986,0.052999999999999936,3.5999999999999996,2.0999999999999996,0.8999999999999999,-0.4206832320528497,1.6776084793312915,-0.30373944363406985,1.098266007407315,0.8676711635634453,0.58,1
Jaylen Nowell,2022-23,23.0,MIN,SG,65.0,2.0,19.3,2.6,2.0,0.6,0.1,10.8,13.7,25.0,0.527,1.2,-2.5,-0.2,2.3000000000000007,0.6000000000000001,-0.10000000000000009,-3.1000000000000014,4.0,-0.05399999999999994,-3.3,-1.5999999999999999,-0.8999999999999999,0.4647540723892079,-1.5779029435388467,1.2531090404555707,-1.3865303159223823,-1.1133891439509813,-0.47,0
Jaylen Wells,2024-25,21.0,MEM,SG,79.0,74.0,25.9,3.4,1.7,0.6,0.1,10.4,10.5,15.9,0.56,3.5,-2.2,-0.1,,,,,,,,,,,,,,,,0
Jaylin Williams,2022-23,20.0,OKC,C,49.0,36.0,18.7,4.9,1.6,0.6,0.2,5.9,11.2,13.5,0.559,1.9,-1.7,0.1,,,,,,,,,,,,,,,,0
Jaylin Williams,2023-24,21.0,OKC,C,69.0,1.0,13.0,3.4,1.6,0.4,0.4,4.0,12.7,13.5,0.561,2.4,1.1,0.7,-1.9000000000000004,-1.5000000000000004,0.0,1.5,0.0,0.0020000000000000018,2.8,0.5,0.6,-0.8634018842738784,0.39253818082992137,-0.16220776326228478,-0.08607616539469007,0.010996435989639336,-0.14,0
Jaylin Williams,2024-25,22.0,OKC,PF,47.0,9.0,16.7,5.6,2.6,0.5,0.6,5.9,16.4,14.6,0.594,3.3,4.3,1.2,1.9000000000000004,2.1999999999999997,1.0,3.6999999999999993,1.0999999999999996,0.03299999999999992,3.1999999999999997,0.8999999999999999,0.5,0.3382630288974853,1.3349230663975924,0.22700435776012537,0.633818096504567,0.22516511788309085,0.55,0
Jayson Tatum,2020-21,22.0,BOS,SF,64.0,64.0,35.8,7.4,4.3,1.2,0.5,26.4,21.3,30.8,0.576,6.5,3.9,3.4,,,,,,,,,,,,,,,,0
Jayson Tatum,2021-22,23.0,BOS,SF,76.0,76.0,35.9,8.0,4.4,1.0,0.6,26.9,21.8,32.1,0.578,9.6,5.0,4.8,0.5,0.5999999999999996,0.10000000000000053,0.5,1.3000000000000007,0.0020000000000000018,1.1,3.0999999999999996,1.4,-0.10445562332354344,-0.03581858533720201,0.2977701979460185,-0.08607616539469007,1.4030928682970742,0.29,0
Jayson Tatum,2022-23,24.0,BOS,SF,74.0,74.0,36.9,8.8,4.6,1.1,0.7,30.1,23.7,32.7,0.607,10.5,5.5,5.1,3.200000000000003,0.8000000000000007,0.1999999999999993,1.8999999999999986,0.6000000000000014,0.029000000000000026,0.5,0.9000000000000004,0.2999999999999998,0.7493589202455841,0.5638808872967701,0.050089757295394055,0.5409285143240199,0.22516511788309107,0.43,0
Jeremiah Robinson-Earl,2021-22,21.0,OKC,C,49.0,36.0,22.2,5.6,1.0,0.6,0.3,7.5,11.7,15.4,0.526,1.5,-2.2,-0.1,,,,,,,,,,,,,,,,0
Jeremiah Robinson-Earl,2022-23,22.0,OKC,PF,43.0,20.0,18.9,4.2,1.0,0.6,0.3,6.8,13.0,14.6,0.548,1.9,-1.5,0.1,-0.7000000000000002,-1.3999999999999995,0.0,1.3000000000000007,-0.8000000000000007,0.02200000000000002,0.7000000000000002,0.3999999999999999,0.2,-0.483928753798711,0.30686682759649697,-0.4452711240058561,0.3783717455080581,-0.0425457344837236,-0.06,0
Jeremiah Robinson-Earl,2024-25,24.0,NOP,PF,66.0,9.0,18.8,4.8,1.3,0.6,0.1,6.3,12.9,14.4,0.563,1.7,-2.5,-0.2,-0.5,0.5999999999999996,0.30000000000000004,-0.09999999999999964,-0.1999999999999993,0.014999999999999902,-1.0,-0.19999999999999996,-0.30000000000000004,-0.4206832320528497,-0.2928326450374759,-0.2329736034481773,0.21581497669209365,-0.3637987573239009,-0.22,0
Jeremy Sochan,2022-23,19.0,SAS,PF,56.0,53.0,26.0,5.3,2.5,0.8,0.4,11.0,11.4,19.8,0.509,0.2,-4.0,-0.7,,,,,,,,,,,,,,,,0
Jeremy Sochan,2023-24,20.0,SAS,PF,74.0,73.0,29.6,6.4,3.4,0.8,0.5,11.6,11.4,18.8,0.513,1.4,-3.4,-0.8,0.5999999999999996,1.1000000000000005,0.8999999999999999,0.0,-1.0,0.0040000000000000036,0.6000000000000001,1.2,-0.10000000000000009,-0.07283286245061293,-0.2499969684207637,-0.5160369641917486,-0.039631374304415254,0.3857916293031795,-0.1,0
Jeremy Sochan,2024-25,21.0,SAS,PF,54.0,23.0,25.3,6.5,2.4,0.8,0.5,11.4,15.9,19.0,0.589,2.7,-1.2,0.3,-0.1999999999999993,0.09999999999999964,-1.0,4.5,0.1999999999999993,0.07599999999999996,2.2,1.3000000000000003,1.1,-0.3258149494340576,1.6776084793312915,-0.09144192307639225,1.6323811049454755,0.4393337997765426,0.67,1
Jericho Sims,2021-22,23.0,NYK,PF,41.0,5.0,13.5,4.1,0.5,0.3,0.5,2.2,11.6,6.9,0.674,1.5,-1.7,0.0,,,,,,,,,,,,,,,,0
Jericho Sims,2022-23,24.0,NYK,C,52.0,16.0,15.6,4.7,0.5,0.3,0.5,3.4,13.8,7.4,0.78,2.6,-0.5,0.3,1.1999999999999997,0.6000000000000005,0.0,2.200000000000001,0.5,0.10599999999999998,1.2,1.1,0.3,0.1169037027869708,0.6923879171469082,0.014706837202447164,2.3290529712995975,0.3322494588298167,0.7,1
John Collins,2020-21,23.0,ATL,PF,63.0,63.0,29.3,7.4,1.2,0.5,1.0,17.6,20.6,22.2,0.645,6.7,2.3,2.0,,,,,,,,,,,,,,,,0
John Collins,2021-22,24.0,ATL,PF,54.0,53.0,30.8,7.8,1.8,0.6,1.0,16.2,18.7,20.5,0.61,5.1,1.5,1.5,-1.4000000000000021,0.39999999999999947,0.6000000000000001,-1.9000000000000021,-1.6999999999999993,-0.03500000000000003,-0.7999999999999998,-1.6000000000000005,-0.5,-0.7052880799092259,-1.063874824138299,-0.7637174048423732,-0.9453048005647742,-1.1133891439509815,-0.92,0
John Konchar,2020-21,24.0,MEM,SG,43.0,0.0,13.4,3.0,1.1,0.7,0.2,4.3,14.8,12.4,0.608,1.7,1.2,0.5,,,,,,,,,,,,,,,,0
Johnny Davis,2022-23,20.0,WAS,SG,28.0,5.0,15.1,2.3,1.0,0.4,0.3,5.8,7.2,20.5,0.446,-0.3,-7.4,-0.6,,,,,,,,,,,,,,,,0
Johnny Davis,2023-24,21.0,WAS,SG,50.0,6.0,12.3,1.4,0.6,0.4,0.2,3.0,6.2,12.2,0.462,-0.1,-6.6,-0.7,-2.8,-0.8999999999999999,-0.4,-1.0,-8.3,0.016000000000000014,0.8000000000000007,0.19999999999999998,-0.09999999999999998,-1.1480067321302538,-0.6783537345878871,-3.0989901309768353,0.23903737223723362,-0.14963007543044934,-0.97,0
Johnny Juzang,2023-24,22.0,UTA,SG,20.0,5.0,18.6,1.8,1.2,0.2,0.1,7.2,9.6,14.5,0.62,0.4,-3.7,-0.2,,,,,,,,,,,,,,,,0
Johnny Juzang,2024-25,23.0,UTA,SG,64.0,18.0,19.8,2.9,1.1,0.6,0.1,8.9,11.8,17.6,0.573,1.6,-2.3,-0.1,1.7000000000000002,1.0999999999999999,-0.09999999999999987,2.200000000000001,3.1000000000000014,-0.04700000000000004,1.4000000000000004,1.2000000000000002,0.1,0.27501750715162404,0.6923879171469082,0.9346627596190538,-1.223973547106423,0.3857916293031797,0.21,0
Jonathan Kuminga,2021-22,19.0,GSW,SF,70.0,12.0,16.9,3.3,0.9,0.4,0.3,9.3,15.2,22.7,0.6,3.0,-1.5,0.1,,,,,,,,,,,,,,,,0
Jonathan Kuminga,2022-23,20.0,GSW,PF,67.0,16.0,20.8,3.4,1.9,0.6,0.5,9.9,13.3,19.6,0.597,2.4,-1.7,0.1,0.5999999999999996,0.10000000000000009,0.9999999999999999,-1.8999999999999986,-3.099999999999998,-0.0030000000000000027,-0.19999999999999996,-0.6000000000000001,0.0,-0.07283286245061293,-1.0638748241382976,-1.259078286143622,-0.20218814312037708,-0.5779674392173525,-0.64,0
Jonathan Kuminga,2023-24,21.0,GSW,PF,74.0,46.0,26.3,4.8,2.2,0.7,0.5,16.1,17.0,24.1,0.598,4.6,-0.4,0.8,6.200000000000001,1.4,0.30000000000000027,3.6999999999999993,4.5,0.0010000000000000009,1.2999999999999998,2.1999999999999997,0.7000000000000001,1.6980417464335023,1.3349230663975924,1.4300236409203029,-0.10929856093982747,0.9212133340368083,1.05,1
Jonathan Kuminga,2024-25,22.0,GSW,PF,47.0,10.0,24.3,4.6,2.2,0.8,0.4,15.3,15.7,27.4,0.535,1.9,-0.6,0.4,-0.8000000000000007,-0.20000000000000018,0.0,-1.3000000000000007,3.299999999999997,-0.06299999999999994,-0.19999999999999996,-2.6999999999999997,-0.4,-0.5155515146716417,-0.8068607644380243,1.005428599804945,-1.5955318758286188,-1.702353019157973,-0.72,0
Jonathan Mogbo,2024-25,23.0,TOR,PF,63.0,18.0,20.4,4.9,2.3,0.9,0.5,6.2,11.9,15.0,0.496,1.9,-1.9,0.0,,,,,,,,,,,,,,,,0
Jontay Porter,2023-24,24.0,TOR,PF,26.0,5.0,13.8,3.2,2.3,0.8,0.8,4.4,14.9,15.8,0.514,0.7,1.7,0.3,,,,,,,,,,,,,,,,0
Jordan Goodwin,2022-23,24.0,WAS,PG,62.0,7.0,17.8,3.3,2.7,0.9,0.4,6.6,14.8,17.3,0.531,2.2,0.7,0.8,,,,,,,,,,,,,,,,0
Jordan Hawkins,2023-24,21.0,NOP,SG,67.0,10.0,17.3,2.2,1.0,0.3,0.1,7.8,10.2,19.9,0.533,1.3,-3.1,-0.3,,,,,,,,,,,,,,,,0
Jordan Hawkins,2024-25,22.0,NOP,SG,56.0,9.0,23.6,2.8,1.2,0.5,0.4,10.8,9.6,21.0,0.504,-0.5,-5.4,-1.2,3.000000000000001,0.5999999999999996,0.19999999999999996,-0.5999999999999996,1.1000000000000014,-0.029000000000000026,-2.3000000000000003,-1.8,-0.8999999999999999,0.6861133984997223,-0.5070110281210376,0.227004357760126,-0.8059704272939497,-1.2204734848977072,-0.32,0
Jordan McLaughlin,2020-21,24.0,MIN,PG,51.0,2.0,18.4,2.1,3.8,1.0,0.1,5.0,12.0,13.7,0.502,1.2,-1.7,0.1,,,,,,,,,,,,,,,,0
Jordan Nwora,2021-22,23.0,MIL,SF,62.0,13.0,19.1,3.6,1.0,0.4,0.3,7.9,9.9,19.4,0.506,0.6,-4.1,-0.6,,,,,,,,,,,,,,,,0
Jordan Nwora,2022-23,24.0,2TM,SF,62.0,14.0,19.2,3.7,1.4,0.4,0.2,8.7,12.2,19.4,0.561,1.5,-2.1,0.0,0.7999999999999989,0.10000000000000009,0.3999999999999999,2.299999999999999,0.0,0.05500000000000005,1.9999999999999996,0.9,0.6,-0.00958734070475192,0.7352235937636196,-0.16220776326228478,1.1447107984975924,0.2251651178830909,0.39,0
Jordan Poole,2020-21,21.0,GSW,SG,51.0,7.0,19.4,1.8,1.9,0.5,0.2,12.0,15.1,25.0,0.581,1.9,-0.5,0.4,,,,,,,,,,,,,,,,0
Jordan Poole,2021-22,22.0,GSW,SG,76.0,51.0,30.0,3.4,4.0,0.8,0.3,18.5,16.1,26.0,0.598,6.0,1.0,1.7,6.5,1.5999999999999999,2.1,1.0000000000000018,1.0,0.017000000000000015,1.5,4.1,1.2999999999999998,1.7929100290522937,0.17835979774636043,0.1916214376671791,0.26225976778237103,1.9385145730307032,0.87,1
Jordan Poole,2022-23,23.0,GSW,PG,82.0,43.0,30.0,2.7,4.5,0.8,0.3,20.4,14.6,29.2,0.573,3.2,-1.9,0.1,1.8999999999999986,-0.6999999999999997,0.5,-1.5000000000000018,3.1999999999999993,-0.025000000000000022,-2.9,-2.8,-1.5999999999999999,0.3382630288974847,-0.8925321176714496,0.9700456797119994,-0.7130808451134,-1.755895189631336,-0.41,0
Jordan Poole,2023-24,24.0,WAS,SG,78.0,66.0,30.1,2.7,4.4,1.1,0.3,17.4,12.1,26.4,0.529,-0.6,-3.9,-1.2,-3.0,0.0,-0.09999999999999964,-2.5,-2.8000000000000007,-0.04399999999999993,-2.0,-3.8000000000000003,-1.3,-1.2112522538761152,-1.3208888838385722,-1.1529295258647838,-1.1543063604710082,-2.291316894364965,-1.43,0
Jose Alvarado,2021-22,23.0,NOP,PG,54.0,1.0,15.4,1.9,2.8,1.3,0.1,6.1,16.4,18.4,0.52,2.1,1.9,0.8,,,,,,,,,,,,,,,,0
Jose Alvarado,2022-23,24.0,NOP,PG,61.0,10.0,21.5,2.3,3.0,1.1,0.2,9.0,11.8,19.8,0.525,1.8,-1.2,0.3,2.9000000000000004,0.3999999999999999,0.20000000000000018,-4.599999999999998,1.4000000000000021,0.0050000000000000044,-3.0999999999999996,-0.30000000000000004,-0.5,0.6544906376267915,-2.2204380927895304,0.3331531180389654,-0.01640897875927785,-0.4173409277972638,-0.33,0
Josh Christopher,2021-22,20.0,HOU,SG,74.0,2.0,18.0,2.5,2.0,0.9,0.2,7.9,12.2,21.1,0.534,0.3,-3.5,-0.5,,,,,,,,,,,,,,,,0
Josh Christopher,2022-23,21.0,HOU,SG,64.0,2.0,12.3,1.1,1.1,0.5,0.2,5.8,11.5,21.9,0.523,0.0,-4.3,-0.5,-2.1000000000000005,-1.4,-0.8999999999999999,-0.6999999999999993,0.7999999999999972,-0.01100000000000001,-0.7999999999999998,-0.3,0.0,-0.9266474060197397,-0.5498467047377498,0.12085559748128533,-0.38796730748147634,-0.4173409277972638,-0.43,0
Josh Giddey,2021-22,19.0,OKC,SF,54.0,54.0,31.5,7.8,6.4,0.9,0.4,12.5,13.3,22.2,0.478,0.4,-0.9,0.5,,,,,,,,,,,,,,,,0
Josh Giddey,2022-23,20.0,OKC,PF,76.0,76.0,31.1,7.9,6.2,0.8,0.4,16.6,17.1,24.6,0.533,4.0,1.2,1.9,4.100000000000001,0.10000000000000053,-0.20000000000000018,3.8000000000000007,2.400000000000002,0.05500000000000005,2.1,3.6,1.4,1.0339637681019593,1.3777587430143055,0.6869823189684293,1.1447107984975924,1.6708037206638888,1.18,1
Josh Giddey,2023-24,21.0,OKC,SG,80.0,80.0,25.1,6.4,4.8,0.6,0.6,12.3,16.6,23.1,0.547,4.3,1.5,1.8,-4.300000000000001,-1.5,-1.4000000000000004,-0.5,-1.5,0.014000000000000012,0.30000000000000004,0.2999999999999998,-0.09999999999999987,-1.6223481452242132,-0.4641753515043254,-0.6929515646564806,0.19259258114695882,-0.09608790495708654,-0.54,0
Josh Giddey,2024-25,22.0,CHI,PG,70.0,69.0,30.2,8.1,7.2,1.2,0.6,14.6,18.1,21.7,0.57,5.3,3.0,2.7,2.299999999999999,1.6999999999999993,2.4000000000000004,1.5,-1.4000000000000021,0.02299999999999991,1.5,1.0,0.9000000000000001,0.46475407238920735,0.39253818082992137,-0.6575686445635349,0.4015941410531929,0.27870728835645375,0.18,0
Josh Green,2021-22,21.0,DAL,SG,67.0,3.0,15.5,2.4,1.2,0.7,0.2,4.8,11.9,13.9,0.578,2.4,-1.0,0.3,,,,,,,,,,,,,,,,0
Josh Green,2022-23,22.0,DAL,SG,60.0,21.0,25.7,3.0,1.7,0.7,0.1,9.1,11.2,14.6,0.645,2.6,-2.4,-0.2,4.3,0.6000000000000001,0.5,-0.7000000000000011,0.6999999999999993,0.06700000000000006,-1.4,0.20000000000000018,-0.5,1.09720928984782,-0.5498467047377505,0.08547267738833969,1.4233795450392412,-0.14963007543044923,0.38,0
Josh Green,2023-24,23.0,DAL,SG,57.0,33.0,26.4,3.2,2.3,0.8,0.2,8.2,9.9,13.1,0.588,2.2,-2.7,-0.3,-0.9000000000000004,0.20000000000000018,0.5999999999999999,-1.299999999999999,-1.5,-0.05700000000000005,-0.30000000000000027,-0.3999999999999999,-0.09999999999999998,-0.5471742755445722,-0.8068607644380237,-0.6929515646564806,-1.456197502557797,-0.47088309827062663,-0.79,0
Josh Green,2024-25,24.0,CHO,SG,68.0,67.0,27.8,2.5,1.6,1.1,0.2,7.4,7.8,11.8,0.559,1.5,-4.3,-1.1,-0.7999999999999989,-0.7000000000000002,-0.6999999999999997,-2.1000000000000005,-1.299999999999999,-0.028999999999999915,-1.5999999999999996,-0.7000000000000002,-0.8,-0.5155515146716412,-1.149546177371723,-0.6221857244705874,-0.8059704272939471,-0.6315096096907155,-0.74,0
Josh Hall,2020-21,20.0,OKC,SF,21.0,1.0,16.0,2.8,1.3,0.2,0.0,4.1,1.0,18.1,0.363,-0.9,-11.9,-0.8,,,,,,,,,,,,,,,,0
Josh Jackson,2020-21,23.0,DET,SG,62.0,25.0,25.2,4.1,2.3,0.9,0.8,13.4,12.0,26.5,0.516,0.1,-3.0,-0.4,,,,,,,,,,,,,,,,0
Josh Jackson,2021-22,24.0,2TM,SF,51.0,3.0,16.3,2.8,1.1,0.5,0.4,6.4,9.5,19.7,0.491,0.0,-4.5,-0.5,-7.0,-1.2999999999999998,-1.1999999999999997,-2.5,-6.800000000000001,-0.025000000000000022,-1.5,-0.1,-0.09999999999999998,-2.4761626887933397,-1.3208888838385722,-2.568246329582639,-0.7130808451134,-0.310256586850538,-1.48,0
Josh Okogie,2020-21,22.0,MIN,SG,59.0,37.0,20.3,2.6,1.1,0.9,0.5,5.4,9.1,12.1,0.524,1.3,-3.3,-0.4,,,,,,,,,,,,,,,,0
Josh Okogie,2022-23,24.0,PHO,SG,72.0,26.0,18.8,3.5,1.5,0.8,0.5,7.3,13.3,17.7,0.531,2.8,-0.2,0.6,1.8999999999999995,0.8999999999999999,0.3999999999999999,4.200000000000001,5.6,0.007000000000000006,3.0999999999999996,1.4999999999999998,1.0,0.338263028897485,1.549101449481155,1.819235761942713,0.03003581233099696,0.5464181407232681,0.86,1
Joshua Primo,2021-22,19.0,SAS,SF,50.0,16.0,19.3,2.3,1.6,0.4,0.5,5.8,7.1,15.4,0.487,0.0,-5.0,-0.7,,,,,,,,,,,,,,,,0
Julian Champagnie,2023-24,22.0,SAS,SF,74.0,59.0,19.8,2.8,1.4,0.6,0.6,6.8,10.6,14.4,0.57,1.8,-1.9,0.0,,,,,,,,,,,,,,,,0
Julian Champagnie,2024-25,23.0,SAS,SF,82.0,29.0,23.6,3.9,1.4,0.7,0.4,9.9,12.2,17.2,0.577,2.5,-1.3,0.4,3.1000000000000005,1.1,0.0,1.5999999999999996,2.799999999999999,0.007000000000000006,0.5999999999999999,0.7,0.4,0.7177361593726528,0.43537385744663354,0.8285139993402137,0.03003581233099696,0.1180807769363651,0.43,0
Julian Phillips,2024-25,21.0,CHI,SF,79.0,5.0,14.2,2.1,0.5,0.5,0.3,4.6,10.2,12.9,0.571,1.9,-3.0,-0.3,,,,,,,,,,,,,,,,0
Julian Strawther,2024-25,22.0,DEN,SG,65.0,4.0,21.3,2.2,1.3,0.6,0.2,9.0,9.5,17.8,0.559,1.3,-4.5,-0.9,,,,,,,,,,,,,,,,0
Justin Champagnie,2024-25,23.0,WAS,SF,62.0,31.0,21.6,5.7,1.0,1.0,0.6,8.8,15.7,15.6,0.614,2.8,-0.5,0.5,,,,,,,,,,,,,,,,0
Justin Edwards,2024-25,21.0,PHI,SF,44.0,26.0,26.3,3.4,1.6,1.0,0.4,10.1,11.3,16.9,0.559,0.9,-3.7,-0.5,,,,,,,,,,,,,,,,0
Justin Robinson,2021-22,24.0,3TM,PG,25.0,0.0,12.2,0.8,1.3,0.4,0.0,3.1,3.6,16.0,0.404,-0.3,-7.6,-0.4,,,,,,,,,,,,,,,,0
Justise Winslow,2020-21,24.0,MEM,SF,26.0,1.0,19.5,4.5,1.9,0.6,0.5,6.8,6.2,21.9,0.395,-0.7,-6.0,-0.5,,,,,,,,,,,,,,,,0
KJ Martin,2020-21,20.0,HOU,SF,45.0,8.0,23.7,5.4,1.1,0.7,0.9,9.3,14.6,15.6,0.59,2.2,-1.8,0.0,,,,,,,,,,,,,,,,0
KJ Martin,2021-22,21.0,HOU,SF,79.0,2.0,21.0,3.8,1.3,0.4,0.5,8.8,14.3,16.3,0.603,2.9,-1.2,0.4,-0.5,-1.6000000000000005,0.19999999999999996,-0.29999999999999893,0.7000000000000011,0.013000000000000012,0.6000000000000001,0.6999999999999997,0.4,-0.4206832320528497,-0.37850399827090025,0.08547267738834032,0.1693701856018214,0.11808077693636497,-0.09,0
KJ Martin,2022-23,22.0,HOU,SF,82.0,49.0,28.0,5.5,1.5,0.5,0.4,12.7,15.4,16.4,0.635,4.9,-0.7,0.7,3.8999999999999986,1.7000000000000002,0.19999999999999996,1.0999999999999996,0.09999999999999787,0.03200000000000003,0.5,2.0000000000000004,0.29999999999999993,0.9707182463560972,0.22119547436307185,-0.12682484316933915,0.6105957009594322,0.8141289930900829,0.5,0
KJ Martin,2023-24,23.0,2TM,SF,60.0,2.0,12.4,2.2,0.9,0.4,0.2,3.7,9.9,13.4,0.563,1.1,-4.1,-0.4,-9.0,-3.3,-0.6,-5.5,-2.9999999999999982,-0.07200000000000006,-3.3999999999999995,-3.8000000000000003,-1.1,-3.1086179062519523,-2.6059591823399426,-1.2236953660506757,-1.804533435734858,-2.291316894364965,-2.21,0
KJ Martin,2024-25,24.0,2TM,PF,43.0,16.0,21.2,2.9,1.1,0.4,0.5,6.4,10.2,11.5,0.618,1.3,-3.6,-0.4,2.7,0.6999999999999997,0.20000000000000007,0.29999999999999893,-1.9000000000000004,0.05500000000000005,0.49999999999999956,0.19999999999999996,0.0,0.5912451158809302,-0.12148993857062715,-0.8344832450282663,1.1447107984975924,-0.14963007543044934,0.13,0
KJ Simpson,2024-25,22.0,CHO,PG,36.0,15.0,23.4,3.0,3.1,0.9,0.2,7.8,8.3,19.1,0.437,-0.4,-5.4,-0.7,,,,,,,,,,,,,,,,0
KZ Okpala,2020-21,21.0,MIA,PF,37.0,9.0,12.1,1.8,0.5,0.3,0.3,2.5,5.2,11.9,0.448,0.1,-7.1,-0.6,,,,,,,,,,,,,,,,0
Kai Jones,2022-23,22.0,CHO,C,46.0,0.0,12.0,2.7,0.3,0.4,0.7,3.4,10.8,12.4,0.597,0.7,-4.0,-0.3,,,,,,,,,,,,,,,,0
Karlo Matkovic,2024-25,23.0,NOP,PF,42.0,7.0,18.8,5.0,1.1,0.5,1.0,7.7,15.6,15.9,0.639,1.6,-2.0,0.0,,,,,,,,,,,,,,,,0
Keegan Murray,2022-23,22.0,SAC,SF,80.0,78.0,29.8,4.6,1.2,0.8,0.5,12.2,12.3,15.8,0.597,4.3,-0.6,0.8,,,,,,,,,,,,,,,,0
Keegan Murray,2023-24,23.0,SAC,SF,77.0,77.0,33.6,5.5,1.7,1.0,0.8,15.2,13.3,18.1,0.569,5.2,-0.9,0.8,3.0,0.9000000000000004,0.5,1.0,2.3000000000000007,-0.028000000000000025,-0.30000000000000004,0.9000000000000004,0.0,0.686113398499722,0.17835979774635968,0.6515993988754823,-0.7827480317488122,0.22516511788309107,0.19,0
Keegan Murray,2024-25,24.0,SAC,PF,76.0,76.0,34.3,6.7,1.4,0.8,0.9,12.4,12.0,15.0,0.553,4.4,-1.6,0.2,-2.799999999999999,1.2000000000000002,-0.30000000000000004,-1.3000000000000007,-3.1000000000000014,-0.015999999999999903,-0.7000000000000001,-0.7999999999999998,-0.6000000000000001,-1.1480067321302536,-0.8068607644380243,-1.2590782861436234,-0.5040792852071607,-0.6850517801640781,-0.88,0
Kel'el Ware,2024-25,20.0,MIA,C,64.0,36.0,22.2,7.4,0.9,0.6,1.1,9.3,17.4,17.2,0.603,4.1,-0.1,0.7,,,,,,,,,,,,,,,,0
Keldon Johnson,2020-21,21.0,SAS,SF,69.0,67.0,28.5,6.0,1.8,0.6,0.3,12.8,13.8,19.2,0.557,3.3,-1.6,0.2,,,,,,,,,,,,,,,,0
Keldon Johnson,2021-22,22.0,SAS,SF,75.0,74.0,31.9,6.1,2.1,0.8,0.2,17.0,15.2,21.3,0.574,4.9,-0.5,0.9,4.199999999999999,0.09999999999999964,0.30000000000000004,1.3999999999999986,2.1000000000000014,0.016999999999999904,1.1,1.6000000000000005,0.7,1.0655865289748891,0.3497025042132084,0.5808335586895899,0.2622597677823685,0.5999603111966314,0.57,0
Keldon Johnson,2022-23,23.0,SAS,SF,63.0,63.0,32.7,5.0,2.9,0.7,0.2,22.0,15.3,27.9,0.551,1.3,-1.8,0.1,5.0,-1.0999999999999996,0.7999999999999998,0.10000000000000142,6.599999999999998,-0.02299999999999991,-1.3,-3.6000000000000005,-0.8,1.3185686159583345,-0.20716129180405077,2.1730649628721763,-0.6666360540231226,-2.184232553418239,0.09,0
Keldon Johnson,2023-24,24.0,SAS,SF,69.0,27.0,29.5,5.5,2.8,0.7,0.3,15.7,14.2,21.9,0.565,3.0,-1.7,0.2,-6.300000000000001,0.5,-0.10000000000000009,-1.1000000000000014,-6.0,0.013999999999999901,0.10000000000000009,1.7,0.1,-2.2548033626828254,-0.7211894112046,-2.285182968839068,0.19259258114695624,0.6535024816699939,-0.88,0
Keon Ellis,2023-24,24.0,SAC,SG,57.0,21.0,17.2,2.2,1.5,0.9,0.5,5.4,12.0,12.4,0.627,2.3,1.2,0.8,,,,,,,,,,,,,,,,0
Keon Johnson,2021-22,19.0,2TM,SG,37.0,12.0,18.8,2.2,2.1,0.8,0.3,7.2,8.7,21.2,0.453,-0.5,-5.9,-0.7,,,,,,,,,,,,,,,,0
Keon Johnson,2024-25,22.0,BRK,SG,79.0,56.0,24.4,3.8,2.2,1.0,0.4,10.6,10.4,21.7,0.499,0.5,-3.3,-0.6,3.3999999999999995,1.5999999999999996,0.10000000000000009,1.700000000000001,0.5,0.045999999999999985,2.6000000000000005,1.0,0.09999999999999998,0.8126044419914443,0.4782095340633465,0.014706837202447164,0.9357092385913545,0.27870728835645375,0.5,0
Kessler Edwards,2021-22,21.0,BRK,SF,48.0,23.0,20.6,3.6,0.6,0.6,0.5,5.9,8.3,13.8,0.516,0.6,-3.8,-0.5,,,,,,,,,,,,,,,,0
Kessler Edwards,2024-25,24.0,DAL,SF,40.0,18.0,15.2,2.9,1.1,0.5,0.5,4.2,11.3,11.1,0.597,1.2,-1.4,0.1,-1.7000000000000002,-0.7000000000000002,0.5000000000000001,3.0,-2.700000000000001,0.08099999999999996,2.4,0.6,0.6,-0.8001563625280171,1.0350733300806065,-1.1175466057718377,1.7484930826711624,0.06453860646300222,0.19,0
Kevin Huerter,2020-21,22.0,ATL,SG,69.0,49.0,30.8,3.3,3.5,1.2,0.3,11.9,12.2,17.2,0.541,3.6,-0.3,1.0,,,,,,,,,,,,,,,,0
Kevin Huerter,2021-22,23.0,ATL,SF,74.0,60.0,29.6,3.4,2.7,0.7,0.4,12.1,11.9,17.5,0.57,2.8,-1.2,0.4,0.1999999999999993,0.10000000000000009,-0.7999999999999998,-0.29999999999999893,0.3000000000000007,0.028999999999999915,-0.8999999999999999,-0.8000000000000003,-0.6,-0.1993239059423355,-0.37850399827090025,-0.056059002983445363,0.5409285143240173,-0.6850517801640783,-0.16,0
Kevin Huerter,2022-23,24.0,SAC,SG,75.0,75.0,29.4,3.3,2.9,1.1,0.3,15.2,15.2,19.9,0.617,4.9,1.0,1.7,3.0999999999999996,-0.10000000000000009,0.19999999999999973,3.299999999999999,2.3999999999999986,0.04700000000000004,2.2,2.1000000000000005,1.2999999999999998,0.7177361593726524,1.163580359930743,0.686982318968428,0.9589316341364932,0.8676711635634459,0.88,1
Kevin Knox,2022-23,23.0,2TM,SF,63.0,5.0,15.1,2.8,0.5,0.4,0.2,6.6,11.1,18.4,0.579,0.7,-3.5,-0.4,,,,,,,,,,,,,,,,0
Kevin Knox,2023-24,24.0,DET,SF,31.0,11.0,18.1,2.4,0.7,0.4,0.2,7.2,9.9,16.6,0.57,0.4,-4.6,-0.4,0.6000000000000005,-0.3999999999999999,0.19999999999999996,-1.1999999999999993,-1.7999999999999972,-0.009000000000000008,-1.0999999999999996,-0.29999999999999993,0.0,-0.07283286245061266,-0.7640250878213114,-0.7991003249353188,-0.3415225163912015,-0.4173409277972637,-0.48,0
Kevin Porter Jr.,2020-21,20.0,HOU,SG,26.0,23.0,32.1,3.8,6.3,0.7,0.3,16.6,12.5,25.4,0.528,0.0,-3.5,-0.3,,,,,,,,,,,,,,,,0
Kevin Porter Jr.,2021-22,21.0,HOU,PG,61.0,61.0,31.3,4.4,6.2,1.1,0.4,15.6,13.5,24.1,0.531,0.8,-1.6,0.2,-1.0000000000000018,0.6000000000000005,-0.09999999999999964,1.0,-1.2999999999999972,0.0030000000000000027,1.9,0.8,0.5,-0.5787970364175034,0.17835979774635968,-0.6221857244705868,-0.06285376984955267,0.17162294740972803,-0.18,0
Kevin Porter Jr.,2022-23,22.0,HOU,PG,59.0,59.0,34.3,5.3,5.7,1.4,0.3,19.2,16.2,24.3,0.565,2.9,0.6,1.3,3.5999999999999996,0.8999999999999995,-0.5,2.6999999999999993,0.1999999999999993,0.03399999999999992,2.2,2.0999999999999996,1.1,0.8758499637373056,0.9065663002304691,-0.09144192307639225,0.6570404920497044,0.8676711635634453,0.64,1
Kevin Porter Jr.,2024-25,24.0,2TM,SG,75.0,4.0,19.8,3.7,3.4,1.1,0.2,10.3,15.4,25.4,0.531,2.2,-0.6,0.5,-8.899999999999999,-1.5999999999999996,-2.3000000000000003,-0.7999999999999989,1.0999999999999979,-0.03399999999999992,-1.2,-0.6999999999999997,-0.8,-3.076995145379021,-0.5926823813544619,0.22700435776012473,-0.9220824050196341,-0.6315096096907151,-1.0,0
Kevon Looney,2020-21,24.0,GSW,C,61.0,34.0,19.0,5.3,2.0,0.3,0.4,4.1,11.9,9.4,0.575,3.4,-0.9,0.3,,,,,,,,,,,,,,,,0
Keyonte George,2023-24,20.0,UTA,PG,75.0,44.0,27.0,2.8,4.4,0.5,0.1,13.0,10.4,22.8,0.533,-0.3,-4.4,-1.2,,,,,,,,,,,,,,,,0
Keyonte George,2024-25,21.0,UTA,PG,67.0,35.0,31.5,3.8,5.6,0.7,0.1,16.8,12.9,24.3,0.539,1.1,-2.7,-0.3,3.8000000000000007,1.0,1.1999999999999993,2.5,1.5,0.006000000000000005,1.7000000000000002,1.4000000000000001,0.8999999999999999,0.9390954854831671,0.8208949469970448,0.36853603813191105,0.0068134167858595555,0.49287597024990537,0.53,0
Killian Hayes,2020-21,19.0,DET,PG,26.0,18.0,25.8,2.7,5.3,1.0,0.4,6.8,5.3,19.0,0.422,-1.1,-7.2,-0.9,,,,,,,,,,,,,,,,0
Killian Hayes,2021-22,20.0,DET,PG,66.0,40.0,25.0,3.2,4.2,1.2,0.5,6.9,9.3,15.7,0.461,0.5,-3.5,-0.6,0.10000000000000053,0.5,-1.0999999999999996,4.000000000000001,-3.3000000000000007,0.039000000000000035,3.7,1.6,0.30000000000000004,-0.23094666681526574,1.4634300962477302,-1.3298441263295158,0.7731524697753939,0.5999603111966312,0.26,0
Killian Hayes,2022-23,21.0,DET,PG,76.0,56.0,28.3,2.9,6.2,1.4,0.4,10.3,10.2,20.5,0.455,-0.5,-3.8,-1.0,3.4000000000000004,-0.30000000000000027,2.0,0.8999999999999986,4.800000000000001,-0.006000000000000005,-0.2999999999999998,-1.0,-0.4,0.8126044419914445,0.13552412112964674,1.5361724011991422,-0.2718553297557893,-0.792136121110804,0.28,0
Killian Hayes,2023-24,22.0,DET,PG,42.0,31.0,24.0,2.8,4.9,0.9,0.5,6.9,10.5,15.1,0.474,0.7,-2.7,-0.2,-3.4000000000000004,-0.10000000000000009,-1.2999999999999998,0.3000000000000007,-5.4,0.01899999999999996,1.0999999999999996,1.2,0.8,-1.3377432973678376,-0.12148993857062639,-2.0728854482813897,0.3087045588726446,0.3857916293031795,-0.57,0
Killian Tillie,2021-22,23.0,MEM,C,36.0,3.0,12.8,1.7,0.6,0.6,0.4,3.3,7.6,12.8,0.452,0.6,-2.7,-0.1,,,,,,,,,,,,,,,,0
Kira Lewis Jr.,2020-21,19.0,NOP,PG,54.0,0.0,16.7,1.3,2.3,0.7,0.2,6.4,10.3,18.3,0.477,0.9,-3.4,-0.3,,,,,,,,,,,,,,,,0
Kira Lewis Jr.,2021-22,20.0,NOP,PG,24.0,0.0,14.2,1.6,2.0,0.5,0.0,5.9,9.8,22.3,0.466,-0.1,-4.0,-0.2,-0.5,0.30000000000000004,-0.2999999999999998,-0.5,4.0,-0.010999999999999954,-0.6000000000000001,-1.0,0.09999999999999998,-0.4206832320528497,-0.4641753515043254,1.2531090404555707,-0.387967307481475,-0.792136121110804,-0.16,0
Kris Murray,2023-24,23.0,POR,SF,62.0,29.0,21.7,3.6,1.3,0.9,0.3,6.1,9.0,14.1,0.481,0.7,-3.6,-0.6,,,,,,,,,,,,,,,,0
Kris Murray,2024-25,24.0,POR,SF,69.0,6.0,15.1,2.6,1.0,0.5,0.2,4.2,9.1,13.9,0.472,0.7,-3.0,-0.3,-1.8999999999999995,-1.0,-0.30000000000000004,0.09999999999999964,-0.1999999999999993,-0.009000000000000008,0.6000000000000001,0.0,0.3,-0.8634018842738782,-0.20716129180405152,-0.2329736034481773,-0.3415225163912015,-0.2567144163771751,-0.38,0
Kyle Filipowski,2024-25,21.0,UTA,C,72.0,27.0,21.1,6.1,1.9,0.7,0.3,9.6,14.9,18.7,0.594,2.5,-1.0,0.4,,,,,,,,,,,,,,,,0
Kyshawn George,2024-25,21.0,WAS,SG,68.0,38.0,26.5,4.2,2.5,1.0,0.7,8.7,8.8,15.9,0.503,0.1,-4.1,-0.9,,,,,,,,,,,,,,,,0
LaMelo Ball,2020-21,19.0,CHO,PG,51.0,31.0,28.8,5.9,6.1,1.6,0.4,15.7,17.5,26.1,0.539,2.8,1.8,1.4,,,,,,,,,,,,,,,,0
LaMelo Ball,2021-22,20.0,CHO,PG,75.0,75.0,32.3,6.7,7.6,1.6,0.4,20.1,19.7,28.2,0.554,5.8,3.4,3.3,4.400000000000002,0.7999999999999998,1.5,2.1999999999999993,2.099999999999998,0.015000000000000013,1.5999999999999999,3.0,1.9,1.1288320507207514,0.6923879171469074,0.5808335586895886,0.21581497669209623,1.3495506978237115,0.79,1
LaMelo Ball,2022-23,21.0,CHO,PG,36.0,36.0,35.2,6.4,8.4,1.3,0.3,23.3,17.9,30.0,0.541,1.8,2.4,1.4,3.1999999999999993,-0.2999999999999998,0.8000000000000007,-1.8000000000000007,1.8000000000000007,-0.013000000000000012,-1.0,-4.0,-1.9,0.749358920245583,-1.021039147521586,0.47468479841075045,-0.4344120985717511,-2.398401235311691,-0.53,0
LaMelo Ball,2023-24,22.0,CHO,PG,22.0,22.0,32.3,5.1,8.0,1.8,0.2,23.9,20.8,34.3,0.561,1.1,3.3,1.0,0.5999999999999979,-1.3000000000000007,-0.40000000000000036,2.900000000000002,4.299999999999997,0.020000000000000018,0.8999999999999999,-0.7,-0.3999999999999999,-0.07283286245061349,0.992237653463895,1.359257800734409,0.33192695441778325,-0.6315096096907153,0.4,0
LaMelo Ball,2024-25,23.0,CHO,PG,47.0,47.0,32.0,4.9,7.4,1.1,0.3,25.2,19.1,35.9,0.536,2.0,3.2,2.0,1.3000000000000007,-0.1999999999999993,-0.5999999999999996,-1.6999999999999993,1.6000000000000014,-0.025000000000000022,-0.09999999999999964,0.8999999999999999,1.0,0.14852646365990174,-0.9782034709048731,0.40391895822485796,-0.7130808451134,0.22516511788309085,-0.18,0
Lamar Stevens,2020-21,23.0,CLE,PF,40.0,0.0,12.5,2.4,0.6,0.4,0.3,4.1,10.5,15.8,0.521,0.4,-4.2,-0.3,,,,,,,,,,,,,,,,0
Lamar Stevens,2021-22,24.0,CLE,PF,63.0,13.0,16.1,2.6,0.7,0.5,0.3,6.1,11.3,17.1,0.544,1.6,-2.9,-0.2,2.0,0.20000000000000018,0.09999999999999998,0.8000000000000007,1.3000000000000007,0.02300000000000002,1.3000000000000003,1.2000000000000002,0.09999999999999998,0.3698857897704158,0.0926884445129353,0.2977701979460185,0.40159414105319546,0.3857916293031797,0.31,0
Landry Shamet,2020-21,23.0,BRK,SG,61.0,12.0,23.0,1.8,1.6,0.5,0.2,9.3,10.3,16.7,0.578,1.8,-2.4,-0.2,,,,,,,,,,,,,,,,0
Landry Shamet,2021-22,24.0,PHO,SG,69.0,14.0,20.8,1.8,1.6,0.4,0.1,8.3,10.2,16.8,0.55,2.6,-1.2,0.3,-1.0,0.0,0.0,-0.10000000000000142,0.10000000000000142,-0.027999999999999914,1.2,0.8,0.5,-0.5787970364175028,-0.29283264503747664,-0.1268248431693379,-0.7827480317488097,0.17162294740972803,-0.32,0
Lauri Markkanen,2020-21,23.0,CHI,PF,51.0,26.0,25.8,5.3,0.9,0.5,0.3,13.6,15.2,20.2,0.619,3.0,0.1,0.7,,,,,,,,,,,,,,,,0
Lauri Markkanen,2021-22,24.0,CLE,SF,61.0,61.0,30.8,5.7,1.3,0.7,0.5,14.8,14.7,19.5,0.582,5.0,0.4,1.1,1.200000000000001,0.40000000000000036,0.4,-0.5,-0.6999999999999993,-0.03700000000000003,0.30000000000000004,2.0,0.40000000000000013,0.11690370278697122,-0.4641753515043254,-0.40988820391290925,-0.991749591655049,0.8141289930900827,-0.19,0
Lindy Waters III,2021-22,24.0,OKC,SG,25.0,1.0,18.6,2.9,1.0,0.8,0.3,8.0,13.0,17.5,0.562,0.8,-1.6,0.1,,,,,,,,,,,,,,,,0
Lonnie Walker IV,2020-21,22.0,SAS,SG,60.0,38.0,25.4,2.6,1.7,0.5,0.3,11.2,9.8,20.1,0.523,0.4,-3.7,-0.7,,,,,,,,,,,,,,,,0
Lonnie Walker IV,2021-22,23.0,SAS,SG,70.0,6.0,23.0,2.6,2.2,0.6,0.3,12.1,12.3,23.6,0.512,1.2,-2.5,-0.2,0.9000000000000004,0.0,0.5000000000000002,2.5,3.5,-0.01100000000000001,1.2000000000000002,0.7999999999999999,0.49999999999999994,0.022035420168179148,0.8208949469970448,1.0761944399908387,-0.38796730748147634,0.17162294740972797,0.34,0
Lonnie Walker IV,2022-23,24.0,LAL,SG,56.0,32.0,23.2,1.9,1.1,0.5,0.3,11.7,12.2,20.2,0.57,1.8,-1.4,0.2,-0.40000000000000036,-0.7000000000000002,-1.1,-0.10000000000000142,-3.400000000000002,0.05799999999999994,1.1,0.6000000000000001,0.4,-0.38906047117991915,-0.29283264503747664,-1.3652270464224627,1.214377985133002,0.06453860646300227,-0.15,0
Lonzo Ball,2020-21,23.0,NOP,PG,55.0,55.0,31.8,4.8,5.7,1.5,0.6,14.6,15.2,20.5,0.551,3.2,1.7,1.6,,,,,,,,,,,,,,,,0
Lonzo Ball,2021-22,24.0,CHI,PG,35.0,35.0,34.6,5.4,5.1,1.8,0.9,13.0,14.5,17.4,0.575,2.2,2.5,1.4,-1.5999999999999996,0.6000000000000005,-0.6000000000000005,-0.6999999999999993,-3.1000000000000014,0.02399999999999991,0.8,-1.0,-0.20000000000000018,-0.7685336016550863,-0.5498467047377498,-1.2590782861436234,0.4248165365983303,-0.792136121110804,-0.59,0
Luguentz Dort,2020-21,21.0,OKC,SG,52.0,52.0,29.7,3.6,1.7,0.9,0.4,14.0,10.1,21.7,0.513,0.3,-3.5,-0.6,,,,,,,,,,,,,,,,0
Luguentz Dort,2021-22,22.0,OKC,SG,51.0,51.0,32.6,4.2,1.7,0.9,0.4,17.2,12.3,23.3,0.541,1.4,-2.3,-0.1,3.1999999999999993,0.6000000000000001,0.0,2.200000000000001,1.6000000000000014,0.028000000000000025,1.2000000000000002,1.0999999999999999,0.5,0.749358920245583,0.6923879171469082,0.40391895822485796,0.5177061187788825,0.3322494588298166,0.54,0
Luguentz Dort,2022-23,23.0,OKC,SF,74.0,73.0,30.7,4.6,2.1,1.0,0.3,13.7,11.3,19.8,0.513,2.9,-3.0,-0.6,-3.5,0.39999999999999947,0.40000000000000013,-1.0,-3.5,-0.028000000000000025,-0.7000000000000002,1.5,-0.5,-1.369366058240768,-0.6783537345878871,-1.4006099665154084,-0.7827480317488122,0.5464181407232682,-0.74,0
Luguentz Dort,2023-24,24.0,OKC,SF,79.0,79.0,28.4,3.6,1.4,0.9,0.6,10.9,11.1,15.4,0.593,4.6,-1.6,0.2,-2.799999999999999,-0.9999999999999996,-0.7000000000000002,-0.20000000000000107,-4.4,0.07999999999999996,1.4,1.6999999999999997,0.8,-1.1480067321302536,-0.3356683216541888,-1.7190562473519257,1.725270687126025,0.6535024816699938,-0.16,0
Luka Doncic,2020-21,21.0,DAL,PG,66.0,66.0,34.3,8.0,8.6,1.0,0.5,27.7,25.3,36.0,0.587,7.7,6.8,5.1,,,,,,,,,,,,,,,,0
Luka Doncic,2021-22,22.0,DAL,PG,65.0,65.0,35.4,9.1,8.7,1.2,0.6,28.4,25.1,37.4,0.571,7.6,8.2,5.9,0.6999999999999993,1.0999999999999996,0.09999999999999964,-0.1999999999999993,1.3999999999999986,-0.016000000000000014,1.3999999999999995,-0.10000000000000053,0.8000000000000007,-0.04121010157768243,-0.3356683216541881,0.33315311803896414,-0.5040792852071634,-0.31025658685053825,-0.17,0
Luka Doncic,2022-23,23.0,DAL,PG,66.0,66.0,36.2,8.6,8.0,1.4,0.5,32.4,28.7,37.6,0.609,10.2,8.9,6.6,4.0,-0.5,-0.6999999999999993,3.599999999999998,0.20000000000000284,0.038000000000000034,0.7000000000000011,2.5999999999999996,0.6999999999999993,1.0023410072290282,1.2920873897808796,-0.091441923076391,0.7499300742302565,1.13538201593026,0.82,1
Luka Doncic,2023-24,24.0,DAL,PG,70.0,70.0,37.5,9.2,9.8,1.4,0.5,33.9,28.1,36.0,0.617,12.0,9.9,8.0,1.5,0.5999999999999996,1.8000000000000007,-0.5999999999999979,-1.6000000000000014,0.008000000000000007,1.0,1.8000000000000007,1.4000000000000004,0.21177198540576275,-0.5070110281210368,-0.7283344847494275,0.05325820787613437,0.7070446521433572,-0.05,0
Luka Garza,2021-22,23.0,DET,C,32.0,5.0,12.2,3.1,0.6,0.3,0.2,5.8,15.6,21.1,0.535,0.8,-2.5,-0.1,,,,,,,,,,,,,,,,0
Luke Kennard,2020-21,24.0,LAC,SG,63.0,17.0,19.6,2.6,1.7,0.4,0.1,8.3,12.7,17.1,0.608,2.7,-0.2,0.6,,,,,,,,,,,,,,,,0
Malachi Flynn,2020-21,22.0,TOR,PG,47.0,14.0,19.7,2.5,2.9,0.8,0.1,7.5,10.9,19.0,0.484,0.8,-2.6,-0.1,,,,,,,,,,,,,,,,0
Malachi Flynn,2021-22,23.0,TOR,PG,44.0,5.0,12.2,1.4,1.6,0.5,0.1,4.3,11.7,16.5,0.488,1.0,-1.5,0.1,-3.2,-1.1,-1.2999999999999998,0.7999999999999989,-2.5,0.0040000000000000036,1.1,0.19999999999999996,0.2,-1.2744977756219762,0.09268844451293455,-1.0467807655859445,-0.039631374304415254,-0.14963007543044934,-0.48,0
Malachi Flynn,2022-23,24.0,TOR,PG,53.0,2.0,13.0,1.4,1.3,0.4,0.1,4.6,8.7,17.4,0.479,0.5,-4.1,-0.4,0.2999999999999998,0.0,-0.30000000000000004,-3.0,0.8999999999999986,-0.009000000000000008,-2.5999999999999996,-0.5,-0.5,-0.16770114506940473,-1.535067266922134,0.1562385175742322,-0.3415225163912015,-0.5244252687439895,-0.48,0
Malaki Branham,2022-23,19.0,SAS,SG,66.0,32.0,23.5,2.7,1.9,0.5,0.1,10.2,9.5,19.1,0.524,-0.1,-5.2,-1.3,,,,,,,,,,,,,,,,0
Malaki Branham,2023-24,20.0,SAS,PG,75.0,29.0,21.3,2.0,2.1,0.4,0.1,9.2,8.7,19.8,0.526,-0.3,-5.6,-1.5,-1.0,-0.7000000000000002,0.20000000000000018,-0.8000000000000007,0.6999999999999993,0.0020000000000000018,-0.39999999999999947,-0.19999999999999998,-0.19999999999999996,-0.5787970364175028,-0.5926823813544627,0.08547267738833969,-0.08607616539469007,-0.3637987573239009,-0.31,0
Malik Beasley,2020-21,24.0,MIN,SG,37.0,36.0,32.8,4.4,2.4,0.8,0.2,19.6,14.6,24.0,0.57,1.3,-0.2,0.6,,,,,,,,,,,,,,,,0
Malik Monk,2020-21,22.0,CHO,SG,42.0,0.0,20.9,2.4,2.1,0.5,0.1,11.7,13.6,23.8,0.569,1.0,-1.8,0.0,,,,,,,,,,,,,,,,0
Malik Monk,2021-22,23.0,LAL,SG,76.0,37.0,28.1,3.4,2.9,0.8,0.4,13.8,14.4,20.1,0.597,3.6,-0.5,0.8,2.1000000000000014,1.0,0.7999999999999998,0.8000000000000007,-3.6999999999999993,0.028000000000000025,1.3,2.6,0.8,0.4015085506433469,0.0926884445129353,-1.4713758067013007,0.5177061187788825,1.1353820159302601,0.14,0
Malik Monk,2022-23,24.0,SAC,SG,77.0,0.0,22.3,2.6,3.9,0.6,0.3,13.5,16.6,25.8,0.587,3.2,0.3,1.0,-0.3000000000000007,-0.7999999999999998,1.0,2.200000000000001,5.699999999999999,-0.010000000000000009,0.8,-0.3999999999999999,0.19999999999999996,-0.3574377103069887,0.6923879171469082,1.8546186820356592,-0.3647449119363389,-0.47088309827062663,0.27,0
MarJon Beauchamp,2022-23,22.0,MIL,SF,52.0,11.0,13.5,2.2,0.7,0.4,0.1,5.1,8.2,18.3,0.513,0.4,-4.8,-0.5,,,,,,,,,,,,,,,,0
MarJon Beauchamp,2023-24,23.0,MIL,SF,48.0,1.0,12.7,2.1,0.6,0.3,0.1,4.4,9.7,14.6,0.592,0.7,-3.2,-0.2,-0.6999999999999993,-0.10000000000000009,-0.09999999999999998,1.5,-3.700000000000001,0.07899999999999996,1.5999999999999996,0.29999999999999993,0.3,-0.4839287537987107,0.39253818082992137,-1.4713758067013014,1.7020482915808877,-0.09608790495708648,0.01,0
Marcus Sasser,2023-24,23.0,DET,PG,71.0,11.0,19.0,1.8,3.3,0.6,0.2,8.3,11.8,19.9,0.542,0.9,-2.6,-0.2,,,,,,,,,,,,,,,,0
Marcus Sasser,2024-25,24.0,DET,PG,57.0,1.0,14.2,1.2,2.3,0.6,0.1,6.6,14.0,19.4,0.589,1.8,-0.6,0.3,-1.700000000000001,-0.6000000000000001,-1.0,2.1999999999999993,-0.5,0.04699999999999993,2.0,0.9,0.5,-0.8001563625280175,0.6923879171469074,-0.3391223637270167,0.9589316341364905,0.2251651178830909,0.15,0
Mark Williams,2022-23,21.0,CHO,C,43.0,17.0,19.3,7.1,0.4,0.7,1.0,9.0,19.8,17.0,0.659,2.8,0.1,0.4,,,,,,,,,,,,,,,,0
Mark Williams,2024-25,23.0,CHO,C,44.0,41.0,26.6,10.2,2.5,0.7,1.2,15.3,23.9,21.4,0.647,4.7,3.5,1.6,6.300000000000001,3.0999999999999996,2.1,4.099999999999998,4.399999999999999,-0.01200000000000001,3.4,1.9000000000000004,1.2000000000000002,1.7296645073064327,1.5062657728644413,1.394640720827356,-0.41118970302661373,0.76058682261672,1.0,1
Markelle Fultz,2022-23,24.0,ORL,PG,60.0,60.0,29.6,3.9,5.7,1.5,0.4,14.0,16.6,21.3,0.564,3.7,0.5,1.2,,,,,,,,,,,,,,,,0
Marvin Bagley III,2020-21,21.0,SAC,PF,43.0,42.0,25.9,7.4,1.0,0.5,0.5,14.1,16.3,23.5,0.554,1.4,-3.1,-0.3,,,,,,,,,,,,,,,,0
Marvin Bagley III,2021-22,22.0,2TM,PF,48.0,25.0,24.0,7.0,0.8,0.5,0.4,11.3,15.7,19.8,0.551,2.0,-2.3,-0.1,-2.799999999999999,-0.40000000000000036,-0.19999999999999996,-0.6000000000000014,-3.6999999999999993,-0.0030000000000000027,0.8000000000000003,0.6000000000000001,0.19999999999999998,-1.1480067321302536,-0.5070110281210384,-1.4713758067013007,-0.20218814312037708,0.06453860646300227,-0.65,0
Marvin Bagley III,2022-23,23.0,DET,C,42.0,25.0,23.6,6.4,0.9,0.5,0.7,12.0,17.2,20.4,0.587,2.0,-0.9,0.3,0.6999999999999993,-0.5999999999999996,0.09999999999999998,1.5,0.5999999999999979,0.03599999999999992,1.4,0.0,0.4,-0.04121010157768243,0.39253818082992137,0.0500897572953928,0.7034852831399792,-0.2567144163771751,0.17,0
Marvin Bagley III,2023-24,24.0,2TM,C,50.0,25.0,21.1,6.2,1.1,0.4,0.7,11.7,19.4,21.0,0.629,2.7,-0.4,0.4,-0.3000000000000007,-0.20000000000000018,0.20000000000000007,2.1999999999999993,0.6000000000000014,0.04200000000000004,0.5,0.7000000000000002,0.10000000000000003,-0.3574377103069887,0.6923879171469074,0.050089757295394055,0.8428196564108061,0.1180807769363652,0.27,0
Matas Buzelis,2024-25,20.0,CHI,SF,80.0,31.0,18.9,3.5,1.0,0.4,0.9,8.6,12.5,18.7,0.571,1.9,-2.5,-0.2,,,,,,,,,,,,,,,,0
Matisse Thybulle,2020-21,23.0,PHI,SG,65.0,8.0,20.0,1.9,1.0,1.6,1.1,3.9,10.1,9.4,0.508,2.8,1.9,1.3,,,,,,,,,,,,,,,,0
Matisse Thybulle,2021-22,24.0,PHI,SG,66.0,50.0,25.5,2.3,1.1,1.7,1.1,5.7,11.2,9.5,0.594,3.7,1.1,1.3,1.8000000000000003,0.3999999999999999,0.10000000000000009,1.0999999999999996,0.09999999999999964,0.08599999999999997,-0.7999999999999998,0.9000000000000004,0.0,0.3066402680245547,0.22119547436307185,-0.1268248431693385,1.8646050603968496,0.22516511788309107,0.5,0
Max Christie,2022-23,19.0,LAL,SG,41.0,3.0,12.5,1.8,0.5,0.2,0.2,3.1,7.4,10.4,0.566,0.6,-3.1,-0.1,,,,,,,,,,,,,,,,0
Max Christie,2023-24,20.0,LAL,SG,67.0,7.0,14.1,2.1,0.9,0.3,0.3,4.2,8.4,13.6,0.544,0.7,-3.6,-0.4,1.1,0.30000000000000004,0.4,1.0,3.1999999999999993,-0.02199999999999991,-0.5,0.09999999999999998,-0.30000000000000004,0.0852809419140403,0.17835979774635968,0.9700456797119994,-0.6434136584779853,-0.20317224590381222,0.08,0
Max Christie,2024-25,21.0,2TM,SG,78.0,36.0,27.3,3.3,1.9,0.8,0.4,9.6,10.4,15.2,0.57,2.7,-2.5,-0.3,5.3999999999999995,1.1999999999999997,0.9999999999999999,2.0,1.5999999999999996,0.025999999999999912,1.1,2.0,0.10000000000000003,1.4450596594500569,0.606716563913483,0.4039189582248573,0.4712613276886051,0.8141289930900827,0.75,1
Max Strus,2020-21,24.0,MIA,SF,39.0,0.0,13.0,1.1,0.6,0.3,0.1,6.1,12.1,18.3,0.597,0.9,-2.2,0.0,,,,,,,,,,,,,,,,0
McKinley Wright IV,2022-23,24.0,DAL,PG,27.0,1.0,12.4,1.7,2.1,0.3,0.2,4.2,12.4,16.9,0.536,0.5,-2.7,-0.1,,,,,,,,,,,,,,,,0
Michael Porter Jr.,2020-21,22.0,DEN,SF,61.0,54.0,31.3,7.3,1.1,0.7,0.9,19.0,20.6,21.7,0.663,6.9,3.1,2.5,,,,,,,,,,,,,,,,0
Michael Porter Jr.,2022-23,24.0,DEN,SF,62.0,62.0,29.0,5.5,1.0,0.6,0.5,17.4,16.8,22.7,0.621,4.3,0.2,1.0,-1.6000000000000014,-1.7999999999999998,-0.10000000000000009,-3.8000000000000007,1.0,-0.04200000000000004,-2.9,-2.6000000000000005,-1.5,-0.7685336016550869,-1.877752679855833,0.1916214376671791,-1.1078615693807359,-1.6488108486846105,-1.04,0
Mikal Bridges,2020-21,24.0,PHO,SF,72.0,72.0,32.6,4.3,2.1,1.1,0.9,13.5,16.4,14.9,0.667,8.0,3.3,3.1,,,,,,,,,,,,,,,,0
Miles Bridges,2020-21,22.0,CHO,PF,66.0,19.0,29.3,6.0,2.2,0.7,0.8,12.7,14.7,17.3,0.625,4.2,0.2,1.1,,,,,,,,,,,,,,,,0
Miles Bridges,2021-22,23.0,CHO,PF,80.0,80.0,35.5,7.0,3.8,0.9,0.8,20.2,17.9,22.6,0.593,7.2,1.5,2.5,7.5,1.0,1.5999999999999996,3.1999999999999993,5.300000000000001,-0.03200000000000003,1.3,3.0,1.4,2.1091376377816,1.1207446833140309,1.7130870016638742,-0.8756376139293619,1.3495506978237115,1.08,1
Miles McBride,2023-24,23.0,NYK,PG,68.0,14.0,19.5,1.5,1.7,0.7,0.1,8.3,13.1,16.4,0.59,3.6,-0.1,0.6,,,,,,,,,,,,,,,,0
Miles McBride,2024-25,24.0,NYK,SG,64.0,10.0,24.9,2.5,2.9,1.0,0.3,9.5,12.6,16.8,0.531,3.2,0.0,0.8,1.1999999999999993,1.0,1.2,-0.5,0.40000000000000213,-0.05899999999999994,0.1,-0.3999999999999999,0.20000000000000007,0.11690370278697067,-0.4641753515043254,-0.020676082890498472,-1.5026422936480692,-0.47088309827062663,-0.47,0
Mitchell Robinson,2020-21,22.0,NYK,C,31.0,29.0,27.5,8.1,0.5,1.1,1.5,8.3,17.7,11.8,0.642,3.4,1.2,0.7,,,,,,,,,,,,,,,,0
Mitchell Robinson,2021-22,23.0,NYK,C,72.0,62.0,25.7,8.6,0.5,0.8,1.8,8.5,20.7,11.4,0.722,8.5,2.2,2.0,0.1999999999999993,0.5,0.0,3.0,-0.40000000000000036,0.07999999999999996,1.0000000000000002,5.1,1.3,-0.1993239059423355,1.0350733300806065,-0.30373944363407046,1.725270687126025,2.4739362777643317,0.95,1
Mitchell Robinson,2022-23,24.0,NYK,C,59.0,58.0,27.0,9.4,0.9,0.9,1.8,7.4,18.9,10.1,0.652,6.5,2.4,1.7,-1.0999999999999996,0.8000000000000007,0.4,-1.8000000000000007,-1.3000000000000007,-0.06999999999999995,0.19999999999999973,-2.0,-0.30000000000000004,-0.6104197972904333,-1.021039147521586,-0.6221857244705881,-1.7580886446445807,-1.327557825844433,-1.07,0
Mo Bamba,2020-21,22.0,ORL,C,46.0,5.0,15.8,5.8,0.8,0.3,1.3,8.0,19.3,21.8,0.556,1.8,0.1,0.4,,,,,,,,,,,,,,,,0
Mo Bamba,2021-22,23.0,ORL,C,71.0,69.0,25.7,8.1,1.2,0.5,1.7,10.6,16.5,17.2,0.582,4.5,0.7,1.2,2.5999999999999996,2.3,0.3999999999999999,-2.8000000000000007,-4.600000000000001,0.025999999999999912,0.6,2.7,0.7999999999999999,0.5596223550079994,-1.4493959136887096,-1.789822087537819,0.4712613276886051,1.188924186403623,-0.2,0
Mo Bamba,2022-23,24.0,2TM,C,49.0,7.0,15.7,4.6,0.9,0.3,0.9,6.6,15.7,16.6,0.602,2.2,0.5,0.5,-4.0,-3.5,-0.29999999999999993,-0.8000000000000007,-0.5999999999999979,0.020000000000000018,-0.19999999999999996,-2.3,-0.7,-1.5274798626054211,-0.5926823813544627,-0.37450528381996234,0.33192695441778325,-1.4881843372645214,-0.73,0
Moritz Wagner,2020-21,23.0,3TM,C,45.0,24.0,16.0,3.2,1.1,0.6,0.4,6.9,12.5,18.1,0.58,1.2,-2.6,-0.1,,,,,,,,,,,,,,,,0
Moritz Wagner,2021-22,24.0,ORL,C,63.0,3.0,15.2,3.7,1.4,0.3,0.2,9.0,18.1,22.9,0.623,2.8,1.6,0.9,2.0999999999999996,0.5,0.2999999999999998,5.600000000000001,4.799999999999997,0.04300000000000004,4.2,1.5999999999999999,1.0,0.40150855064334634,2.148800922115128,1.5361724011991411,0.8660420519559435,0.5999603111966311,1.11,1
Moses Brown,2020-21,21.0,OKC,C,43.0,32.0,21.4,8.9,0.2,0.7,1.1,8.6,18.8,16.9,0.572,2.6,-2.4,-0.1,,,,,,,,,,,,,,,,0
Moses Moody,2022-23,20.0,GSW,SG,63.0,3.0,13.0,1.7,0.8,0.3,0.1,4.8,10.3,14.6,0.603,1.3,-2.6,-0.1,,,,,,,,,,,,,,,,0
Moses Moody,2023-24,21.0,GSW,SG,66.0,9.0,17.5,3.0,0.9,0.6,0.4,8.1,13.7,18.4,0.578,2.4,-0.1,0.6,3.3,1.3,0.09999999999999998,3.3999999999999986,3.799999999999999,-0.025000000000000022,2.5,1.0999999999999999,0.7,0.7809816811185138,1.2064160365474552,1.1823432002696777,-0.7130808451134,0.3322494588298166,0.56,0
Moses Moody,2024-25,22.0,GSW,SG,74.0,34.0,22.3,2.6,1.3,0.8,0.4,9.8,12.4,17.4,0.578,3.5,-0.9,0.5,1.700000000000001,-0.3999999999999999,0.4,-1.299999999999999,-1.0,0.0,-0.8,1.1,-0.09999999999999998,0.2750175071516243,-0.8068607644380237,-0.5160369641917486,-0.13252095648496487,0.3322494588298167,-0.17,0
Mouhamed Gueye,2024-25,22.0,ATL,PF,33.0,28.0,16.2,4.2,0.8,0.8,1.0,6.0,14.4,15.7,0.52,1.2,-0.6,0.2,,,,,,,,,,,,,,,,0
Moussa Diabate,2024-25,23.0,CHO,C,71.0,8.0,17.5,6.2,0.8,0.6,0.6,5.7,16.5,13.4,0.609,3.2,-1.9,0.0,,,,,,,,,,,,,,,,0
Myles Turner,2020-21,24.0,IND,C,47.0,47.0,31.0,6.5,1.0,0.9,3.4,12.6,15.3,16.4,0.599,3.3,0.4,0.9,,,,,,,,,,,,,,,,0
Naji Marshall,2020-21,23.0,NOP,SF,32.0,10.0,21.9,4.6,2.8,0.8,0.3,7.7,11.4,16.8,0.508,0.9,-1.3,0.1,,,,,,,,,,,,,,,,0
Naji Marshall,2021-22,24.0,NOP,SF,55.0,4.0,13.4,2.6,1.1,0.6,0.1,5.7,12.3,20.8,0.505,0.8,-3.2,-0.2,-2.0,-1.9999999999999996,-1.6999999999999997,0.9000000000000004,4.0,-0.0030000000000000027,-1.9000000000000001,-0.09999999999999998,-0.30000000000000004,-0.8950246451468089,0.13552412112964748,1.2531090404555707,-0.20218814312037708,-0.310256586850538,-0.0,0
Nassir Little,2020-21,20.0,POR,PF,48.0,2.0,13.3,2.7,0.5,0.1,0.3,4.6,11.6,13.8,0.589,1.1,-2.7,-0.1,,,,,,,,,,,,,,,,0
Nassir Little,2021-22,21.0,POR,SF,42.0,23.0,25.9,5.6,1.3,0.6,0.9,9.8,13.5,15.8,0.575,1.7,-1.4,0.2,5.200000000000001,2.8999999999999995,0.8,1.9000000000000004,2.0,-0.014000000000000012,1.3000000000000003,0.5999999999999999,0.30000000000000004,1.3818141377041961,0.5638808872967709,0.545450638596643,-0.45763449411688856,0.06453860646300215,0.42,0
Nassir Little,2022-23,22.0,POR,SF,54.0,4.0,18.1,2.6,0.9,0.4,0.4,6.6,10.2,16.0,0.555,0.7,-3.0,-0.3,-3.200000000000001,-2.9999999999999996,-0.4,-3.3000000000000007,0.1999999999999993,-0.019999999999999907,-1.6,-1.0,-0.5,-1.2744977756219766,-1.663574296772271,-0.09144192307639225,-0.5969688673877104,-0.792136121110804,-0.88,0
Naz Reid,2020-21,21.0,MIN,C,70.0,15.0,19.2,4.6,1.0,0.5,1.1,11.2,18.2,22.5,0.599,3.2,-0.2,0.6,,,,,,,,,,,,,,,,0
Naz Reid,2021-22,22.0,MIN,C,77.0,6.0,15.8,3.9,0.9,0.5,0.9,8.3,17.2,21.4,0.588,3.2,0.0,0.6,-2.8999999999999986,-0.6999999999999997,-0.09999999999999998,-1.0,-1.1000000000000014,-0.01100000000000001,0.2,0.0,0.0,-1.179629493003184,-0.6783537345878871,-0.5514198842846956,-0.38796730748147634,-0.2567144163771751,-0.61,0
Naz Reid,2022-23,23.0,MIN,C,68.0,11.0,18.4,4.9,1.1,0.6,0.8,11.5,18.5,24.8,0.617,3.0,1.0,1.0,3.1999999999999993,1.0000000000000004,0.20000000000000007,1.3000000000000007,3.400000000000002,0.029000000000000026,1.0,-0.20000000000000018,0.4,0.749358920245583,0.30686682759649697,1.0408115198978931,0.5409285143240199,-0.363798757323901,0.45,0
Naz Reid,2023-24,24.0,MIN,PF,81.0,14.0,24.2,5.2,1.3,0.8,0.9,13.5,16.0,23.1,0.595,4.9,1.5,1.7,2.0,0.2999999999999998,0.19999999999999996,-2.5,-1.6999999999999993,-0.02200000000000002,0.5,1.9000000000000004,0.7,0.3698857897704158,-1.3208888838385722,-0.7637174048423732,-0.6434136584779878,0.76058682261672,-0.32,0
Nic Claxton,2020-21,21.0,BRK,C,32.0,1.0,18.6,5.2,0.9,0.7,1.3,6.6,16.9,14.0,0.612,1.9,0.4,0.4,,,,,,,,,,,,,,,,0
Nic Claxton,2021-22,22.0,BRK,C,47.0,19.0,20.7,5.6,0.9,0.5,1.1,8.7,18.6,15.1,0.672,3.5,0.5,0.6,2.0999999999999996,0.39999999999999947,0.0,1.7000000000000028,1.0999999999999996,0.06000000000000005,0.09999999999999998,1.6,0.19999999999999996,0.40150855064334634,0.47820953406334726,0.22700435776012537,1.2608227762232793,0.5999603111966312,0.59,1
Nic Claxton,2022-23,23.0,BRK,C,76.0,76.0,29.9,9.2,1.9,0.9,2.5,12.6,20.8,15.4,0.691,9.2,3.1,2.9,3.9000000000000004,3.5999999999999996,0.9999999999999999,2.1999999999999993,0.3000000000000007,0.018999999999999906,2.6,5.699999999999999,2.3,0.9707182463560977,0.6923879171469074,-0.056059002983445363,0.30870455887264325,2.795189300604509,0.94,1
Nic Claxton,2023-24,24.0,BRK,C,71.0,71.0,29.8,9.9,2.1,0.6,2.1,11.8,18.7,15.6,0.629,6.7,1.2,1.7,-0.7999999999999989,0.7000000000000011,0.20000000000000018,-2.1000000000000014,0.1999999999999993,-0.061999999999999944,-1.9000000000000001,-2.499999999999999,-1.2,-0.5155515146716412,-1.1495461773717235,-0.09144192307639225,-1.5723094802834814,-1.5952686782112468,-0.98,0
Nick Smith Jr.,2023-24,19.0,CHO,SG,51.0,0.0,14.3,1.4,1.2,0.2,0.1,5.9,8.1,20.3,0.511,-0.5,-5.9,-0.7,,,,,,,,,,,,,,,,0
Nick Smith Jr.,2024-25,20.0,CHO,SG,60.0,27.0,22.8,2.1,2.4,0.3,0.1,9.9,8.3,20.8,0.502,-0.5,-5.7,-1.3,4.0,0.7000000000000002,1.2,0.20000000000000107,0.5,-0.009000000000000008,0.20000000000000018,0.0,-0.6000000000000001,1.0023410072290282,-0.16432561518733857,0.014706837202447164,-0.3415225163912015,-0.2567144163771751,0.05,0
Nickeil Alexander-Walker,2020-21,22.0,NOP,SG,46.0,13.0,21.9,3.1,2.2,1.0,0.5,11.0,12.5,23.2,0.522,0.7,-1.3,0.2,,,,,,,,,,,,,,,,0
Nickeil Alexander-Walker,2021-22,23.0,2TM,SG,65.0,21.0,22.6,2.9,2.4,0.7,0.4,10.6,10.5,24.1,0.475,0.1,-2.9,-0.3,-0.40000000000000036,-0.20000000000000018,0.19999999999999973,-2.0,0.9000000000000021,-0.04700000000000004,-1.5999999999999999,-0.6,-0.5,-0.38906047117991915,-1.1067105007550104,0.15623851757423346,-1.223973547106423,-0.5779674392173525,-0.63,0
Nickeil Alexander-Walker,2022-23,24.0,2TM,SG,59.0,3.0,15.0,1.7,1.8,0.5,0.4,6.2,11.6,17.9,0.565,1.1,-0.9,0.2,-4.3999999999999995,-1.2,-0.5999999999999999,1.0999999999999996,-6.200000000000003,0.08999999999999997,2.0,1.0,0.5,-1.6539709060971435,0.22119547436307185,-2.355948809024962,1.9574946425773991,0.27870728835645375,-0.31,0
Nico Mannion,2020-21,19.0,GSW,PG,30.0,1.0,12.1,1.5,2.3,0.5,0.0,4.1,9.3,18.5,0.487,0.2,-3.9,-0.2,,,,,,,,,,,,,,,,0
Nikola Jovic,2023-24,20.0,MIA,PF,46.0,38.0,19.5,4.2,2.0,0.5,0.3,7.7,12.8,17.1,0.583,1.9,0.3,0.5,,,,,,,,,,,,,,,,0
Nikola Jovic,2024-25,21.0,MIA,PF,46.0,10.0,25.1,3.9,2.8,0.8,0.3,10.7,13.8,18.3,0.595,2.5,0.3,0.7,2.999999999999999,-0.30000000000000027,0.7999999999999998,1.0,1.1999999999999993,0.01200000000000001,0.0,0.6000000000000001,0.19999999999999996,0.6861133984997217,0.17835979774635968,0.26238727785307164,0.146147790056684,0.06453860646300227,0.27,0
Noah Clowney,2023-24,19.0,BRK,PF,23.0,4.0,16.1,3.5,0.8,0.3,0.7,5.8,14.2,14.2,0.626,0.9,-0.7,0.1,,,,,,,,,,,,,,,,0
Noah Clowney,2024-25,20.0,BRK,PF,46.0,20.0,22.7,3.9,0.9,0.5,0.5,9.1,9.2,19.0,0.516,0.5,-4.1,-0.5,3.3,0.3999999999999999,0.09999999999999998,-5.0,4.800000000000001,-0.10999999999999999,-3.3999999999999995,-0.4,-0.6,0.7809816811185138,-2.391780799256381,1.5361724011991422,-2.686984466450077,-0.4708830982706267,-0.65,0
OG Anunoby,2020-21,23.0,TOR,SF,43.0,43.0,33.3,5.5,2.2,1.5,0.7,15.9,15.4,19.3,0.605,3.1,1.2,1.2,,,,,,,,,,,,,,,,0
OG Anunoby,2021-22,24.0,TOR,SF,48.0,48.0,36.0,5.5,2.6,1.5,0.5,17.1,14.8,20.5,0.549,3.7,0.5,1.1,1.200000000000001,0.0,0.3999999999999999,-0.5999999999999996,1.1999999999999993,-0.05599999999999994,-0.7,0.6000000000000001,-0.09999999999999987,0.11690370278697122,-0.5070110281210376,0.26238727785307164,-1.432975107012657,0.06453860646300227,-0.3,0
Obi Toppin,2021-22,23.0,NYK,PF,72.0,10.0,17.1,3.7,1.1,0.3,0.5,9.0,18.3,20.8,0.614,3.9,2.0,1.2,,,,,,,,,,,,,,,,0
Obi Toppin,2022-23,24.0,NYK,PF,67.0,5.0,15.7,2.8,1.0,0.3,0.2,7.4,13.6,19.5,0.565,2.1,-0.5,0.4,-1.5999999999999996,-0.9000000000000004,-0.10000000000000009,-4.700000000000001,-1.3000000000000007,-0.049000000000000044,-2.5,-1.7999999999999998,-0.7999999999999999,-0.7685336016550863,-2.2632737694062444,-0.6221857244705881,-1.2704183381966978,-1.220473484897707,-1.23,0
Ochai Agbaji,2022-23,22.0,UTA,SG,59.0,22.0,20.5,2.1,1.1,0.3,0.3,7.9,9.5,15.8,0.561,1.3,-3.0,-0.3,,,,,,,,,,,,,,,,0
Ochai Agbaji,2023-24,23.0,2TM,SG,78.0,28.0,21.0,2.8,1.1,0.6,0.6,5.8,7.7,13.4,0.497,0.1,-4.4,-1.0,-2.1000000000000005,0.6999999999999997,0.0,-1.7999999999999998,-2.4000000000000004,-0.06400000000000006,-1.4000000000000004,-1.2,-0.7,-0.9266474060197397,-1.0210391475215856,-1.0113978454929982,-1.6187542713737588,-0.8992204620575297,-1.1,0
Ochai Agbaji,2024-25,24.0,TOR,SG,64.0,45.0,27.2,3.8,1.5,0.9,0.5,10.4,12.0,14.6,0.601,3.1,-0.7,0.5,4.6000000000000005,1.0,0.3999999999999999,4.3,1.1999999999999993,0.10399999999999998,3.7,3.0,1.5,1.1920775724666122,1.5919371260978668,0.26238727785307164,2.2826081802093228,1.3495506978237115,1.34,1
Olivier Sarr,2021-22,22.0,OKC,C,22.0,2.0,19.1,4.2,0.9,0.3,0.7,7.0,14.0,13.9,0.672,1.0,-4.0,-0.2,,,,,,,,,,,,,,,,0
Omer Yurtseven,2021-22,23.0,MIA,C,56.0,12.0,12.6,5.3,0.9,0.3,0.4,5.3,17.4,19.9,0.546,2.1,-1.0,0.2,,,,,,,,,,,,,,,,0
Onyeka Okongwu,2020-21,20.0,ATL,C,50.0,4.0,12.0,3.3,0.4,0.5,0.7,4.6,16.8,14.7,0.655,1.9,-1.4,0.1,,,,,,,,,,,,,,,,0
Onyeka Okongwu,2021-22,21.0,ATL,C,48.0,6.0,20.7,5.9,1.1,0.6,1.3,8.2,19.8,14.0,0.714,4.2,0.8,0.7,3.5999999999999996,2.6000000000000005,0.7000000000000001,3.0,-0.6999999999999993,0.05899999999999994,2.2,2.3000000000000003,0.6,0.8758499637373056,1.0350733300806065,-0.40988820391290925,1.2376003806781395,0.9747555045101715,0.74,1
Onyeka Okongwu,2022-23,22.0,ATL,C,80.0,18.0,23.1,7.2,1.0,0.7,1.3,9.9,19.4,15.1,0.678,7.1,0.8,1.3,1.700000000000001,1.2999999999999998,-0.10000000000000009,-0.40000000000000213,1.0999999999999996,-0.03599999999999992,0.0,2.8999999999999995,0.6000000000000001,0.2750175071516243,-0.421339674887614,0.22700435776012537,-0.968527196109909,1.2960085273503483,0.08,0
Onyeka Okongwu,2023-24,23.0,ATL,C,55.0,8.0,25.5,6.8,1.3,0.5,1.1,10.2,16.9,13.7,0.674,4.5,-0.4,0.5,0.29999999999999893,-0.40000000000000036,0.30000000000000004,-2.5,-1.4000000000000004,-0.0040000000000000036,-1.2000000000000002,-2.5999999999999996,-0.8,-0.167701145069405,-1.3208888838385722,-0.6575686445635344,-0.22541053866551447,-1.64881084868461,-0.8,0
Onyeka Okongwu,2024-25,24.0,ATL,C,74.0,40.0,27.9,8.9,2.3,0.9,0.9,13.4,19.0,17.3,0.634,7.2,1.3,1.7,3.200000000000001,2.1000000000000005,0.9999999999999998,2.1000000000000014,3.6000000000000014,-0.040000000000000036,1.7000000000000002,2.7,1.2,0.7493589202455836,0.649552240530196,1.1115773600837857,-1.061416778290461,1.188924186403623,0.53,0
Orlando Robinson,2022-23,22.0,MIA,C,31.0,1.0,13.7,4.1,0.8,0.4,0.4,3.7,13.4,12.4,0.565,1.1,-2.1,0.0,,,,,,,,,,,,,,,,0
Orlando Robinson,2024-25,24.0,2TM,C,44.0,8.0,17.5,5.0,1.8,0.4,0.4,6.9,12.9,18.5,0.519,1.2,-3.4,-0.3,3.2,0.9000000000000004,1.0,-0.5,6.1,-0.04599999999999993,-1.2999999999999998,0.09999999999999987,-0.3,0.7493589202455833,-0.4641753515043254,1.996150362407445,-1.200751151561283,-0.20317224590381228,0.18,0
Oshae Brissett,2020-21,22.0,IND,SF,21.0,16.0,24.7,5.5,0.9,0.9,1.0,10.9,17.2,15.6,0.638,1.8,0.6,0.3,,,,,,,,,,,,,,,,0
Oshae Brissett,2021-22,23.0,IND,SF,67.0,25.0,23.3,5.3,1.1,0.7,0.4,9.1,12.9,17.3,0.53,2.2,-2.2,-0.1,-1.8000000000000007,-0.20000000000000018,0.20000000000000007,-4.299999999999999,1.700000000000001,-0.10799999999999998,-2.8000000000000003,0.40000000000000013,-0.4,-0.831779123400948,-2.091931062939394,0.4393018783178042,-2.640539675359802,-0.04254573448372348,-1.03,0
Oshae Brissett,2022-23,24.0,IND,PF,65.0,2.0,16.7,3.4,0.7,0.5,0.2,6.1,10.6,16.1,0.52,1.1,-3.2,-0.3,-3.0,-1.9,-0.40000000000000013,-2.3000000000000007,-1.1999999999999993,-0.010000000000000009,-1.0,-1.1,-0.19999999999999998,-1.2112522538761152,-1.2352175306051478,-0.5868028043776412,-0.3647449119363389,-0.845678291584167,-0.85,0
Oso Ighodaro,2024-25,22.0,PHO,PF,61.0,6.0,17.1,3.6,1.2,0.5,0.5,4.2,11.1,10.5,0.61,1.6,-2.6,-0.2,,,,,,,,,,,,,,,,0
Ousmane Dieng,2022-23,19.0,OKC,PF,39.0,1.0,14.6,2.7,1.2,0.4,0.2,4.9,9.3,15.9,0.505,0.4,-3.6,-0.2,,,,,,,,,,,,,,,,0
P.J. Washington,2020-21,22.0,CHO,PF,64.0,61.0,30.5,6.5,2.5,1.1,1.2,12.9,13.4,19.4,0.549,2.7,-0.9,0.6,,,,,,,,,,,,,,,,0
P.J. Washington,2021-22,23.0,CHO,C,65.0,28.0,27.2,5.2,2.3,0.9,0.9,10.3,13.6,15.6,0.588,3.4,-0.1,0.9,-2.5999999999999996,-1.2999999999999998,-0.20000000000000018,0.1999999999999993,-3.799999999999999,0.038999999999999924,0.8,0.6999999999999997,0.30000000000000004,-1.0847612103843924,-0.16432561518733932,-1.506758726794247,0.7731524697753913,0.11808077693636497,-0.37,0
P.J. Washington,2022-23,24.0,CHO,PF,73.0,73.0,32.6,4.9,2.4,0.9,1.1,15.7,12.9,20.6,0.542,2.6,-1.3,0.4,5.399999999999999,-0.2999999999999998,0.10000000000000009,-0.6999999999999993,5.000000000000002,-0.04599999999999993,-1.2,-0.7999999999999998,-0.5,1.4450596594500564,-0.5498467047377498,1.6069382413850355,-1.200751151561283,-0.6850517801640781,0.12,0
PJ Dozier,2020-21,24.0,DEN,SG,50.0,6.0,21.8,3.6,1.8,0.6,0.4,7.7,10.4,17.2,0.501,1.1,-2.6,-0.2,,,,,,,,,,,,,,,,0
Paolo Banchero,2022-23,20.0,ORL,PF,72.0,72.0,33.8,6.9,3.7,0.8,0.5,20.0,14.9,27.5,0.529,2.4,-1.5,0.3,,,,,,,,,,,,,,,,0
Paolo Banchero,2023-24,21.0,ORL,PF,80.0,80.0,35.0,6.9,5.4,0.9,0.6,22.6,17.3,29.7,0.546,5.3,1.3,2.3,2.6000000000000014,0.0,1.7000000000000002,2.4000000000000004,2.1999999999999993,0.017000000000000015,2.8,2.9,1.9999999999999998,0.559622355008,0.7780592703803325,0.6162164787825355,0.26225976778237103,1.2960085273503485,0.7,1
Paolo Banchero,2024-25,22.0,ORL,PF,46.0,46.0,34.4,7.5,4.8,0.8,0.6,25.9,20.0,33.6,0.551,3.5,3.5,2.2,3.299999999999997,0.5999999999999996,-0.6000000000000005,2.6999999999999993,3.900000000000002,0.0050000000000000044,2.2,-1.7999999999999998,-0.09999999999999964,0.780981681118513,0.9065663002304691,1.217726120362625,-0.01640897875927785,-1.220473484897707,0.33,0
Patrick Baldwin Jr.,2023-24,21.0,WAS,SF,38.0,7.0,13.0,3.2,0.8,0.5,0.4,4.4,9.7,15.9,0.502,0.2,-4.6,-0.3,,,,,,,,,,,,,,,,0
Patrick Williams,2020-21,19.0,CHI,PF,71.0,71.0,27.9,4.6,1.4,0.9,0.6,9.2,10.5,14.9,0.562,2.5,-2.4,-0.2,,,,,,,,,,,,,,,,0
Patrick Williams,2022-23,21.0,CHI,PF,82.0,65.0,28.3,4.0,1.2,0.9,0.9,10.2,11.2,15.7,0.576,3.5,-1.3,0.4,1.0,-0.5999999999999996,-0.19999999999999996,0.6999999999999993,0.7999999999999989,0.013999999999999901,1.0999999999999999,1.0,0.6000000000000001,0.05365818104110966,0.04985276789622236,0.12085559748128595,0.19259258114695624,0.27870728835645375,0.14,0
Patrick Williams,2023-24,22.0,CHI,PF,43.0,30.0,27.3,3.9,1.5,0.9,0.8,10.0,11.0,16.6,0.553,1.2,-2.3,-0.1,-0.1999999999999993,-0.10000000000000009,0.30000000000000004,-0.1999999999999993,0.9000000000000021,-0.02299999999999991,-0.9999999999999998,-2.3,-0.5,-0.3258149494340576,-0.3356683216541881,0.15623851757423346,-0.6666360540231226,-1.4881843372645214,-0.53,0
Patrick Williams,2024-25,23.0,CHI,PF,63.0,36.0,25.0,3.8,2.0,0.8,0.5,9.0,9.0,16.9,0.512,0.4,-3.7,-0.7,-1.0,-0.10000000000000009,0.5,-2.0,0.29999999999999716,-0.041000000000000036,-1.4000000000000004,-0.7999999999999999,-0.6,-0.5787970364175028,-1.1067105007550104,-0.05605900298344662,-1.0846391738355985,-0.6850517801640781,-0.7,0
Paul Reed,2023-24,24.0,PHI,C,82.0,24.0,19.4,6.0,1.3,0.8,1.0,7.3,17.4,15.9,0.58,5.1,0.4,0.9,,,,,,,,,,,,,,,,0
Payton Pritchard,2020-21,23.0,BOS,SG,66.0,4.0,19.2,2.4,1.8,0.6,0.1,7.7,12.4,16.7,0.582,2.5,-0.7,0.4,,,,,,,,,,,,,,,,0
Payton Pritchard,2021-22,24.0,BOS,PG,71.0,2.0,14.1,1.9,2.0,0.4,0.1,6.2,15.0,18.6,0.578,3.1,1.8,1.0,-1.5,-0.5,0.19999999999999996,2.5999999999999996,1.9000000000000021,-0.0040000000000000036,2.5,0.6000000000000001,0.6,-0.7369108407821559,0.863730623613757,0.5100677185036974,-0.22541053866551447,0.06453860646300227,0.1,0
Pelle Larsson,2024-25,23.0,MIA,SG,55.0,8.0,14.2,1.7,1.2,0.6,0.1,4.6,10.2,14.4,0.546,1.4,-3.1,-0.2,,,,,,,,,,,,,,,,0
Peyton Watson,2023-24,21.0,DEN,SF,80.0,4.0,18.6,3.2,1.1,0.5,1.1,6.7,11.8,16.2,0.539,2.5,-2.2,-0.1,,,,,,,,,,,,,,,,0
Peyton Watson,2024-25,22.0,DEN,SF,68.0,18.0,24.4,3.4,1.4,0.7,1.4,8.1,11.4,13.9,0.564,2.5,-1.8,0.1,1.3999999999999995,0.19999999999999973,0.2999999999999998,-0.40000000000000036,-2.299999999999999,0.02499999999999991,0.40000000000000013,0.0,0.2,0.18014922453283197,-0.4213396748876132,-0.9760149254000513,0.4480389321434677,-0.2567144163771751,-0.21,0
Precious Achiuwa,2020-21,21.0,MIA,PF,61.0,4.0,12.1,3.4,0.5,0.3,0.5,5.0,14.2,19.5,0.55,1.3,-4.1,-0.4,,,,,,,,,,,,,,,,0
Precious Achiuwa,2021-22,22.0,TOR,C,73.0,28.0,23.6,6.5,1.1,0.5,0.6,9.1,12.7,18.5,0.503,2.5,-2.6,-0.2,4.1,3.1,0.6000000000000001,-1.5,-1.0,-0.04700000000000004,1.4999999999999996,1.2,0.2,1.0339637681019587,-0.8925321176714488,-0.5160369641917486,-1.223973547106423,0.3857916293031795,-0.24,0
Precious Achiuwa,2022-23,23.0,TOR,C,55.0,12.0,20.7,6.0,0.9,0.6,0.5,9.2,15.2,19.4,0.554,2.2,-2.3,-0.1,0.09999999999999964,-0.5,-0.20000000000000007,2.5,0.8999999999999986,0.051000000000000045,0.30000000000000027,-0.2999999999999998,0.1,-0.23094666681526602,0.8208949469970448,0.1562385175742322,1.0518212163170428,-0.41734092779726367,0.28,0
Precious Achiuwa,2023-24,24.0,2TM,C,74.0,18.0,21.9,6.6,1.3,0.6,0.9,7.6,14.6,15.9,0.545,3.4,-1.4,0.2,-1.5999999999999996,0.5999999999999996,0.4,-0.5999999999999996,-3.4999999999999982,-0.009000000000000008,0.8999999999999999,1.1999999999999997,0.30000000000000004,-0.7685336016550863,-0.5070110281210376,-1.4006099665154077,-0.3415225163912015,0.3857916293031794,-0.53,0
Quentin Grimes,2021-22,21.0,NYK,SG,46.0,6.0,17.1,2.0,1.0,0.7,0.2,6.0,10.7,15.1,0.565,1.4,-0.3,0.3,,,,,,,,,,,,,,,,0
Quentin Grimes,2022-23,22.0,NYK,SG,71.0,66.0,29.9,3.2,2.1,0.7,0.4,11.3,11.7,14.4,0.619,4.8,-0.1,1.0,5.300000000000001,1.2000000000000002,1.1,1.0,-0.6999999999999993,0.05400000000000005,0.19999999999999998,3.4,0.7,1.4134368985771266,0.17835979774635968,-0.40988820391290925,1.121488402952455,1.5637193797171631,0.77,1
Quentin Grimes,2023-24,23.0,2TM,SG,51.0,18.0,20.1,2.0,1.3,0.7,0.1,7.0,8.9,15.8,0.516,1.3,-2.2,-0.1,-4.300000000000001,-1.2000000000000002,-0.8,-2.799999999999999,1.4000000000000004,-0.10299999999999998,-2.1,-3.5,-1.1,-1.6223481452242132,-1.4493959136887087,0.3331531180389648,-2.524427697634115,-2.1306903829448762,-1.48,0
Quentin Grimes,2024-25,24.0,2TM,SG,75.0,37.0,26.8,4.3,3.0,1.0,0.3,14.6,15.9,22.8,0.595,3.4,0.4,1.2,7.6,2.3,1.7,7.0,7.0,0.07899999999999996,2.6,2.0999999999999996,1.3,2.1407603986545305,2.7485003947490996,2.3145966432439624,1.7020482915808877,0.8676711635634453,1.95,1
Quinten Post,2024-25,24.0,GSW,PF,42.0,14.0,16.3,3.5,1.3,0.4,0.4,8.1,14.2,19.6,0.595,1.7,0.1,0.4,,,,,,,,,,,,,,,,0
R.J. Hampton,2020-21,19.0,2TM,SG,51.0,1.0,17.4,3.5,1.7,0.4,0.2,6.9,11.1,19.6,0.507,0.4,-3.8,-0.4,,,,,,,,,,,,,,,,0
R.J. Hampton,2021-22,20.0,ORL,SG,64.0,14.0,21.9,3.0,2.5,0.7,0.2,7.6,8.5,18.4,0.481,-0.2,-4.1,-0.7,0.6999999999999993,-0.5,0.8,-2.5999999999999996,-1.2000000000000028,-0.026000000000000023,-0.2999999999999998,-0.6000000000000001,-0.29999999999999993,-0.04121010157768243,-1.3637245604552843,-0.5868028043776424,-0.7363032406585375,-0.5779674392173525,-0.66,0
R.J. Hampton,2022-23,21.0,2TM,SG,47.0,3.0,16.0,1.9,1.1,0.6,0.2,6.4,10.8,17.8,0.558,0.7,-2.9,-0.2,-1.1999999999999993,-1.1,-1.4,2.3000000000000007,-0.5999999999999979,0.07700000000000007,1.1999999999999997,0.8999999999999999,0.49999999999999994,-0.6420425581633638,0.7352235937636203,-0.37450528381996234,1.6556035004906156,0.22516511788309085,0.32,0
RJ Barrett,2020-21,20.0,NYK,SG,72.0,72.0,34.9,5.8,3.0,0.7,0.3,17.6,13.4,23.4,0.535,4.1,-1.2,0.5,,,,,,,,,,,,,,,,0
RJ Barrett,2021-22,21.0,NYK,SF,70.0,70.0,34.5,5.8,3.0,0.6,0.2,20.0,13.7,27.6,0.511,2.3,-1.6,0.2,2.3999999999999986,0.0,0.0,0.29999999999999893,4.200000000000003,-0.02400000000000002,-0.40000000000000013,-1.7999999999999998,-0.3,0.49637683326213783,-0.12148993857062715,1.3238748806414646,-0.6898584495682626,-1.220473484897707,-0.04,0
RJ Barrett,2022-23,22.0,NYK,SG,73.0,73.0,33.9,5.0,2.8,0.4,0.2,19.6,12.9,26.2,0.531,2.2,-3.1,-0.7,-0.3999999999999986,-0.7999999999999998,-0.20000000000000018,-0.7999999999999989,-1.4000000000000021,0.020000000000000018,-1.5,-0.09999999999999964,-0.8999999999999999,-0.3890604711799186,-0.5926823813544619,-0.6575686445635349,0.33192695441778325,-0.3102565868505378,-0.32,0
RJ Barrett,2023-24,23.0,2TM,SG,58.0,58.0,31.7,5.4,3.3,0.5,0.4,20.2,16.4,26.5,0.58,2.9,-0.8,0.6,0.5999999999999979,0.40000000000000036,0.5,3.4999999999999982,0.3000000000000007,0.04899999999999993,2.3,0.6999999999999997,1.2999999999999998,-0.07283286245061349,1.2492517131641674,-0.056059002983445363,1.0053764252267654,0.11808077693636497,0.45,0
RJ Barrett,2024-25,24.0,TOR,SF,58.0,58.0,32.2,6.3,5.4,0.8,0.3,21.1,16.5,28.7,0.547,2.4,0.6,1.2,0.9000000000000021,0.8999999999999995,2.1000000000000005,0.10000000000000142,2.1999999999999993,-0.03299999999999992,1.4,-0.5,0.6,0.02203542016817971,-0.20716129180405077,0.6162164787825355,-0.8988600094744967,-0.5244252687439895,-0.2,0
Rayan Rupert,2023-24,19.0,POR,SG,39.0,12.0,16.2,2.4,1.6,0.3,0.1,4.0,5.8,13.6,0.451,-0.1,-6.7,-0.8,,,,,,,,,,,,,,,,0
Reece Beekman,2024-25,23.0,2TM,PG,36.0,4.0,13.0,1.1,1.8,0.9,0.1,2.6,7.5,12.8,0.4,0.1,-5.4,-0.4,,,,,,,,,,,,,,,,0
Reed Sheppard,2024-25,20.0,HOU,PG,52.0,3.0,12.6,1.5,1.4,0.7,0.3,4.4,9.7,17.8,0.465,0.8,-1.7,0.1,,,,,,,,,,,,,,,,0
Ricky Council IV,2024-25,23.0,PHI,SF,73.0,12.0,17.1,2.9,1.3,0.4,0.2,7.3,11.6,20.3,0.502,0.6,-4.3,-0.7,,,,,,,,,,,,,,,,0
Robert Williams,2020-21,23.0,BOS,C,52.0,13.0,18.9,6.9,1.8,0.8,1.8,8.0,25.7,15.0,0.719,5.3,6.0,2.0,,,,,,,,,,,,,,,,0
Robert Williams,2021-22,24.0,BOS,C,61.0,61.0,29.6,9.6,2.0,0.9,2.2,10.0,22.1,11.5,0.745,9.9,5.5,3.4,2.0,2.6999999999999993,0.19999999999999996,-3.599999999999998,-3.5,0.026000000000000023,-0.5,4.6000000000000005,1.4,0.3698857897704158,-1.7920813266224072,-1.4006099665154084,0.4712613276886077,2.2062254253975184,-0.03,0
Romeo Langford,2021-22,22.0,2TM,SG,48.0,5.0,16.1,2.3,0.4,0.5,0.3,4.5,9.2,12.9,0.52,1.3,-1.4,0.1,,,,,,,,,,,,,,,,0
Romeo Langford,2022-23,23.0,SAS,SG,43.0,21.0,19.6,2.7,1.2,0.6,0.3,6.9,10.4,15.4,0.524,0.5,-4.2,-0.5,2.4000000000000004,0.40000000000000036,0.7999999999999999,1.200000000000001,2.5,0.0040000000000000036,-2.8000000000000003,-0.8,-0.6,0.4963768332621384,0.2640311509797848,0.722365239061375,-0.039631374304415254,-0.6850517801640782,0.15,0
Ron Holland,2024-25,19.0,DET,SF,81.0,2.0,15.6,2.7,1.0,0.6,0.2,6.4,11.1,18.1,0.556,1.8,-3.0,-0.3,,,,,,,,,,,,,,,,0
Rui Hachimura,2020-21,22.0,WAS,PF,57.0,57.0,31.5,5.5,1.4,0.8,0.1,13.8,11.4,18.1,0.549,2.1,-3.1,-0.5,,,,,,,,,,,,,,,,0
Rui Hachimura,2021-22,23.0,WAS,PF,42.0,13.0,22.5,3.8,1.1,0.5,0.2,11.3,14.9,20.9,0.579,1.4,-1.4,0.1,-2.5,-1.7000000000000002,-0.2999999999999998,3.5,2.799999999999997,0.029999999999999916,1.7000000000000002,-0.7000000000000002,0.6,-1.053138449511462,1.249251713164168,0.8285139993402131,0.5641509098691547,-0.6315096096907155,0.19,0
Rui Hachimura,2022-23,24.0,2TM,PF,63.0,9.0,23.3,4.5,0.9,0.3,0.4,11.2,13.2,20.2,0.556,1.8,-2.2,-0.1,-0.10000000000000142,0.7000000000000002,-0.20000000000000007,-1.700000000000001,-0.6999999999999993,-0.02299999999999991,-0.8000000000000003,0.40000000000000013,-0.2,-0.2941921885611276,-0.9782034709048739,-0.40988820391290925,-0.6666360540231226,-0.04254573448372348,-0.48,0
Ryan Dunn,2024-25,22.0,PHO,SF,74.0,44.0,19.1,3.6,0.8,0.6,0.5,6.9,10.7,16.7,0.517,1.0,-4.1,-0.7,,,,,,,,,,,,,,,,0
Ryan Rollins,2024-25,22.0,MIL,PG,56.0,19.0,14.6,1.9,1.9,0.8,0.3,6.2,14.0,18.4,0.6,1.7,-0.5,0.3,,,,,,,,,,,,,,,,0
Saben Lee,2020-21,21.0,DET,PG,48.0,7.0,16.3,2.0,3.6,0.7,0.3,5.6,13.8,17.0,0.536,1.5,-2.0,0.0,,,,,,,,,,,,,,,,0
Saben Lee,2021-22,22.0,DET,PG,37.0,0.0,16.3,2.4,2.9,1.0,0.3,5.6,13.8,17.3,0.499,0.9,-0.4,0.2,0.0,0.3999999999999999,-0.7000000000000002,0.0,0.3000000000000007,-0.03700000000000003,1.6,-0.6,0.2,-0.2625694276881965,-0.2499969684207637,-0.056059002983445363,-0.991749591655049,-0.5779674392173525,-0.43,0
Saben Lee,2022-23,23.0,2TM,PG,25.0,1.0,14.9,1.8,2.7,0.8,0.0,6.0,13.1,19.5,0.517,0.7,-1.8,0.0,0.40000000000000036,-0.5999999999999999,-0.19999999999999973,-0.7000000000000011,2.1999999999999993,0.018000000000000016,-1.4,-0.20000000000000007,-0.2,-0.13607838419647394,-0.5498467047377505,0.6162164787825355,0.2854821633275084,-0.36379875732390093,-0.03,0
Saddiq Bey,2020-21,21.0,DET,SF,70.0,53.0,27.3,4.5,1.4,0.7,0.2,12.2,12.6,18.7,0.567,3.3,-0.5,0.7,,,,,,,,,,,,,,,,0
Saddiq Bey,2021-22,22.0,DET,SF,82.0,82.0,33.0,5.4,2.8,0.9,0.2,16.1,14.0,21.3,0.529,4.0,-0.3,1.2,3.900000000000002,0.9000000000000004,1.4,1.4000000000000004,2.6000000000000014,-0.03799999999999992,0.2,0.7000000000000002,0.5,0.9707182463560983,0.3497025042132092,0.7577481591543218,-1.014971987200184,0.1180807769363652,0.24,0
Saddiq Bey,2022-23,23.0,2TM,SF,77.0,37.0,27.6,4.7,1.5,0.9,0.2,13.8,14.6,20.2,0.564,3.9,-0.3,0.9,-2.3000000000000007,-0.7000000000000002,-1.2999999999999998,0.5999999999999996,-1.1000000000000014,0.03499999999999992,0.0,-0.10000000000000009,-0.29999999999999993,-0.989892927765601,0.007017091279510174,-0.5514198842846956,0.6802628875948418,-0.31025658685053803,-0.23,0
Saddiq Bey,2023-24,24.0,ATL,SF,63.0,51.0,32.7,6.5,1.5,0.8,0.2,13.7,13.1,17.0,0.549,3.5,-1.8,0.1,-0.10000000000000142,1.7999999999999998,0.0,-1.5,-3.1999999999999993,-0.014999999999999902,-1.5,-0.3999999999999999,-0.8,-0.2941921885611276,-0.8925321176714488,-1.294461206236569,-0.4808568896620234,-0.47088309827062663,-0.69,0
Sandro Mamukelashvili,2022-23,23.0,2TM,C,43.0,7.0,15.3,4.3,1.4,0.3,0.3,6.1,13.4,18.2,0.516,0.9,-2.4,-0.1,,,,,,,,,,,,,,,,0
Santi Aldama,2022-23,22.0,MEM,PF,77.0,20.0,21.8,4.8,1.3,0.6,0.6,9.0,13.9,16.0,0.591,4.6,0.5,1.1,,,,,,,,,,,,,,,,0
Santi Aldama,2023-24,23.0,MEM,PF,61.0,35.0,26.5,5.8,2.3,0.7,0.9,10.7,13.1,17.9,0.539,2.4,-0.2,0.7,1.6999999999999993,1.0,0.9999999999999998,-0.8000000000000007,1.8999999999999986,-0.051999999999999935,-0.7,-2.1999999999999997,-0.40000000000000013,0.27501750715162376,-0.5926823813544627,0.5100677185036961,-1.3400855248321075,-1.4346421667911584,-0.52,0
Santi Aldama,2024-25,24.0,MEM,PF,65.0,16.0,25.5,6.4,2.9,0.8,0.4,12.5,16.8,18.5,0.588,5.0,3.2,2.2,1.8000000000000007,0.6000000000000005,0.6000000000000001,3.700000000000001,0.6000000000000014,0.04899999999999993,3.4000000000000004,2.6,1.5000000000000002,0.30664026802455485,1.3349230663975933,0.050089757295394055,1.0053764252267654,1.1353820159302601,0.77,1
Scoot Henderson,2023-24,19.0,POR,PG,62.0,32.0,28.5,3.1,5.4,0.8,0.2,14.0,9.5,26.5,0.489,-1.7,-5.8,-1.7,,,,,,,,,,,,,,,,0
Scoot Henderson,2024-25,20.0,POR,PG,66.0,10.0,26.7,3.0,5.1,1.0,0.2,12.7,12.5,22.5,0.54,1.8,-2.2,-0.1,-1.3000000000000007,-0.10000000000000009,-0.3000000000000007,3.0,-4.0,0.051000000000000045,3.5999999999999996,3.5,1.5999999999999999,-0.6736653190362948,1.0350733300806065,-1.57752456698014,1.0518212163170428,1.6172615501905259,0.29,0
Scottie Barnes,2021-22,20.0,TOR,PF,74.0,74.0,35.4,7.5,3.5,1.1,0.7,15.3,16.3,19.0,0.552,6.6,0.9,1.9,,,,,,,,,,,,,,,,0
Scottie Barnes,2022-23,21.0,TOR,SF,77.0,76.0,34.8,6.6,4.8,1.1,0.8,15.3,15.5,20.3,0.524,5.0,0.4,1.6,0.0,-0.9000000000000004,1.2999999999999998,-0.8000000000000007,1.3000000000000007,-0.028000000000000025,-0.5,-1.5999999999999996,-0.2999999999999998,-0.2625694276881965,-0.5926823813544627,0.2977701979460185,-0.7827480317488122,-1.113389143950981,-0.49,0
Scottie Barnes,2023-24,22.0,TOR,SG,60.0,60.0,34.9,8.2,6.1,1.3,1.5,19.9,19.5,24.8,0.566,4.3,3.7,3.0,4.599999999999998,1.5999999999999996,1.2999999999999998,4.0,4.5,0.041999999999999926,3.3000000000000003,-0.7000000000000002,1.4,1.1920775724666113,1.4634300962477298,1.4300236409203029,0.8428196564108035,-0.6315096096907155,0.86,1
Scottie Barnes,2024-25,23.0,TOR,PF,65.0,65.0,32.8,7.7,5.8,1.4,1.0,19.3,17.8,27.0,0.523,3.5,2.4,2.3,-0.5999999999999979,-0.4999999999999991,-0.2999999999999998,-1.6999999999999993,2.1999999999999993,-0.04299999999999993,-1.3000000000000003,-0.7999999999999998,-0.7000000000000002,-0.4523059929257796,-0.9782034709048731,0.6162164787825355,-1.1310839649258708,-0.6850517801640781,-0.53,0
Scotty Pippen Jr.,2023-24,23.0,MEM,PG,21.0,16.0,25.1,3.2,4.7,1.7,0.5,12.9,16.4,23.0,0.596,1.0,1.3,0.4,,,,,,,,,,,,,,,,0
Scotty Pippen Jr.,2024-25,24.0,MEM,PG,79.0,21.0,21.3,3.3,4.4,1.3,0.4,9.9,15.8,19.3,0.582,4.7,1.9,1.7,-3.0,0.09999999999999964,-0.2999999999999998,-0.5999999999999979,-3.6999999999999993,-0.014000000000000012,0.5999999999999999,3.7,1.2999999999999998,-1.2112522538761152,-0.5070110281210368,-1.4713758067013007,-0.45763449411688856,1.7243458911372518,-0.38,0
Sekou Doumbouya,2020-21,20.0,DET,PF,56.0,11.0,15.5,2.6,0.8,0.4,0.2,5.1,6.9,17.8,0.459,-0.2,-6.7,-1.0,,,,,,,,,,,,,,,,0
Shaedon Sharpe,2022-23,19.0,POR,SG,80.0,15.0,22.2,3.0,1.2,0.5,0.3,9.9,11.5,19.0,0.568,1.2,-3.3,-0.6,,,,,,,,,,,,,,,,0
Shaedon Sharpe,2023-24,20.0,POR,SG,32.0,25.0,33.1,5.0,2.9,0.9,0.4,15.9,11.4,22.4,0.524,0.5,-2.8,-0.2,6.0,2.0,1.7,-0.09999999999999964,3.3999999999999986,-0.04399999999999993,0.5,-0.7,0.39999999999999997,1.6347962246876406,-0.2928326450374759,1.040811519897892,-1.1543063604710082,-0.6315096096907153,0.12,0
Shaedon Sharpe,2024-25,21.0,POR,SG,72.0,52.0,31.3,4.5,2.8,0.9,0.2,18.5,14.5,25.1,0.551,3.0,-1.3,0.4,2.5999999999999996,-0.5,-0.10000000000000009,3.0999999999999996,2.700000000000003,0.027000000000000024,1.4999999999999998,2.5,0.6000000000000001,0.5596223550079994,1.0779090066973187,0.7931310792472687,0.4944837232337451,1.0818398454568972,0.8,1
Shai Gilgeous-Alexander,2020-21,22.0,OKC,SG,35.0,35.0,33.7,4.7,5.9,0.8,0.7,23.7,21.6,27.8,0.623,3.5,4.1,1.8,,,,,,,,,,,,,,,,0
Shai Gilgeous-Alexander,2021-22,23.0,OKC,PG,56.0,56.0,34.7,5.0,5.9,1.3,0.8,24.5,20.9,30.8,0.557,4.6,3.4,2.7,0.8000000000000007,0.2999999999999998,0.0,-0.7000000000000028,3.0,-0.06599999999999995,-0.6999999999999997,1.0999999999999996,0.9000000000000001,-0.00958734070475136,-0.5498467047377513,0.8992798395261069,-1.665199062464031,0.3322494588298165,-0.2,0
Shai Gilgeous-Alexander,2022-23,24.0,OKC,PG,68.0,68.0,35.5,4.8,5.5,1.6,1.0,31.4,27.2,32.8,0.626,11.4,7.3,5.6,6.899999999999999,-0.20000000000000018,-0.40000000000000036,6.300000000000001,1.9999999999999964,0.06899999999999995,3.9,6.800000000000001,2.8999999999999995,1.9194010725440158,2.4486506584321135,0.5454506385966418,1.4698243361295136,3.3841531758115013,1.95,1
Shake Milton,2020-21,24.0,PHI,SG,63.0,4.0,23.2,2.3,3.1,0.6,0.3,13.0,14.6,24.9,0.549,2.8,-1.6,0.1,,,,,,,,,,,,,,,,0
Stanley Johnson,2020-21,24.0,TOR,PF,61.0,13.0,16.5,2.5,1.5,0.9,0.3,4.4,8.8,13.4,0.519,1.0,-2.5,-0.1,,,,,,,,,,,,,,,,0
Stanley Umude,2023-24,24.0,DET,SG,24.0,2.0,12.8,2.1,0.5,0.3,0.3,5.3,11.4,15.6,0.647,0.5,-1.6,0.0,,,,,,,,,,,,,,,,0
Stephon Castle,2024-25,20.0,SAS,SG,81.0,47.0,26.7,3.7,4.1,0.9,0.3,14.7,13.7,26.0,0.522,1.1,-3.2,-0.6,,,,,,,,,,,,,,,,0
Svi Mykhailiuk,2020-21,23.0,2TM,SF,66.0,14.0,20.1,2.5,1.7,0.8,0.2,8.5,10.4,20.0,0.529,0.3,-2.6,-0.2,,,,,,,,,,,,,,,,0
Svi Mykhailiuk,2021-22,24.0,TOR,SF,56.0,5.0,12.8,1.6,0.8,0.5,0.1,4.6,9.6,16.9,0.509,0.8,-2.9,-0.2,-3.9000000000000004,-0.8999999999999999,-0.8999999999999999,-0.8000000000000007,-3.1000000000000014,-0.020000000000000018,-0.2999999999999998,0.5,0.0,-1.4958571017324906,-0.5926823813544627,-1.2590782861436234,-0.5969688673877129,0.010996435989639336,-0.79,0
Talen Horton-Tucker,2020-21,20.0,LAL,SG,65.0,4.0,20.1,2.6,2.8,1.0,0.3,9.0,12.9,21.7,0.536,2.1,-1.2,0.3,,,,,,,,,,,,,,,,0
Talen Horton-Tucker,2021-22,21.0,LAL,SG,60.0,19.0,25.2,3.2,2.7,1.0,0.5,10.0,11.0,19.2,0.503,1.1,-3.3,-0.5,1.0,0.6000000000000001,-0.09999999999999964,-1.9000000000000004,-2.5,-0.03300000000000003,-2.0999999999999996,-1.0,-0.8,0.05365818104110966,-1.0638748241382983,-1.0467807655859445,-0.8988600094744993,-0.792136121110804,-0.75,0
Talen Horton-Tucker,2022-23,22.0,UTA,SG,65.0,20.0,20.2,3.2,3.8,0.6,0.4,10.7,13.7,25.9,0.508,0.8,-1.6,0.2,0.6999999999999993,0.0,1.0999999999999996,2.6999999999999993,6.699999999999999,0.0050000000000000044,1.6999999999999997,-0.30000000000000004,0.7,-0.04121010157768243,0.9065663002304691,2.2084478829651233,-0.01640897875927785,-0.4173409277972638,0.53,0
Talen Horton-Tucker,2023-24,23.0,UTA,PG,51.0,11.0,19.8,2.4,3.5,0.9,0.4,10.1,13.4,24.0,0.503,0.8,-1.2,0.2,-0.5999999999999996,-0.8000000000000003,-0.2999999999999998,-0.29999999999999893,-1.8999999999999986,-0.0050000000000000044,0.40000000000000013,0.0,0.0,-0.45230599292578016,-0.37850399827090025,-0.8344832450282657,-0.24863293421065188,-0.2567144163771751,-0.43,0
Talen Horton-Tucker,2024-25,24.0,CHI,SG,58.0,0.0,12.5,1.7,1.4,0.4,0.2,6.5,13.8,21.6,0.567,1.1,-2.4,-0.1,-3.5999999999999996,-0.7,-2.1,0.40000000000000036,-2.3999999999999986,0.06399999999999995,-1.2,0.30000000000000004,-0.30000000000000004,-1.4009888191136985,-0.0786542619539142,-1.0113978454929975,1.3537123584038264,-0.09608790495708641,-0.25,0
Tari Eason,2022-23,21.0,HOU,PF,82.0,5.0,21.5,6.0,1.1,1.2,0.6,9.3,15.2,19.3,0.525,2.6,-1.7,0.1,,,,,,,,,,,,,,,,0
Tari Eason,2023-24,22.0,HOU,PF,22.0,0.0,21.8,7.0,1.2,1.4,0.9,9.8,17.1,19.8,0.528,1.3,1.6,0.4,0.5,1.0,0.09999999999999987,1.9000000000000021,0.5,0.0030000000000000027,3.3,-1.3,0.30000000000000004,-0.10445562332354344,0.5638808872967717,0.014706837202447164,-0.06285376984955267,-0.9527626325308927,-0.11,0
Tari Eason,2024-25,23.0,HOU,PF,57.0,16.0,24.9,6.4,1.5,1.7,0.9,12.0,18.5,19.4,0.567,5.0,3.6,2.0,2.1999999999999993,-0.5999999999999996,0.30000000000000004,1.3999999999999986,-0.40000000000000213,0.038999999999999924,2.0,3.7,1.6,0.4331313115162768,0.3497025042132084,-0.30373944363407107,0.7731524697753913,1.7243458911372518,0.6,1
Taylor Hendricks,2023-24,20.0,UTA,PF,40.0,23.0,21.4,4.6,0.8,0.7,0.8,7.3,11.8,13.7,0.578,1.2,-1.6,0.1,,,,,,,,,,,,,,,,0
Terance Mann,2020-21,24.0,LAC,SG,67.0,10.0,18.9,3.6,1.6,0.4,0.2,7.0,13.8,15.1,0.603,3.7,-0.2,0.6,,,,,,,,,,,,,,,,0
Terence Davis,2020-21,23.0,2TM,SG,61.0,4.0,17.6,2.5,1.4,0.7,0.2,8.7,12.7,21.8,0.555,0.8,-1.7,0.1,,,,,,,,,,,,,,,,0
Terence Davis,2021-22,24.0,SAC,SG,30.0,11.0,17.9,3.1,1.3,0.8,0.4,10.4,14.6,25.6,0.543,0.5,-0.9,0.2,1.700000000000001,0.6000000000000001,-0.09999999999999987,1.9000000000000004,3.8000000000000007,-0.01200000000000001,0.7999999999999999,-0.30000000000000004,0.1,0.2750175071516243,0.5638808872967709,1.1823432002696783,-0.41118970302661373,-0.4173409277972638,0.24,0
Terry Taylor,2021-22,22.0,IND,PF,33.0,7.0,21.6,5.2,1.2,0.4,0.2,9.6,19.0,15.9,0.656,2.4,-0.6,0.2,,,,,,,,,,,,,,,,0
Theo Maledon,2020-21,19.0,OKC,PG,65.0,49.0,27.4,3.2,3.5,0.9,0.2,10.1,8.2,19.4,0.489,-0.8,-5.0,-1.3,,,,,,,,,,,,,,,,0
Theo Maledon,2021-22,20.0,OKC,PG,51.0,7.0,17.8,2.6,2.2,0.6,0.2,7.1,10.6,20.3,0.5,0.3,-4.4,-0.6,-3.0,-0.6000000000000001,-1.2999999999999998,2.4000000000000004,0.9000000000000021,0.01100000000000001,0.5999999999999996,1.1,0.7000000000000001,-1.2112522538761152,0.7780592703803325,0.15623851757423346,0.12292539451154659,0.3322494588298167,0.04,0
Theo Maledon,2022-23,21.0,CHO,PG,44.0,7.0,19.4,2.8,3.5,0.8,0.3,6.7,11.6,17.0,0.515,0.8,-2.5,-0.1,-0.39999999999999947,0.19999999999999973,1.2999999999999998,1.0,-3.3000000000000007,0.015000000000000013,1.9000000000000004,0.5,0.5,-0.3890604711799189,0.17835979774635968,-1.3298441263295158,0.21581497669209623,0.010996435989639336,-0.26,0
Thomas Bryant,2021-22,24.0,WAS,C,27.0,9.0,16.3,4.0,0.9,0.2,0.8,7.4,16.6,18.7,0.607,1.1,-1.0,0.1,,,,,,,,,,,,,,,,0
Tidjane Salaun,2024-25,19.0,CHO,PF,60.0,10.0,20.7,4.7,1.2,0.5,0.2,5.9,7.7,15.2,0.457,0.0,-5.2,-1.0,,,,,,,,,,,,,,,,0
Tony Bradley,2020-21,23.0,2TM,C,42.0,8.0,16.3,5.7,0.9,0.4,0.7,7.1,20.7,15.8,0.678,2.7,1.3,0.6,,,,,,,,,,,,,,,,0
Tosan Evbuomwan,2024-25,23.0,BRK,SF,28.0,0.0,23.8,4.3,2.0,0.9,0.4,9.5,11.6,19.1,0.53,0.6,-3.2,-0.2,,,,,,,,,,,,,,,,0
Toumani Camara,2023-24,23.0,POR,PF,70.0,49.0,24.8,4.9,1.2,0.9,0.5,7.5,10.6,13.8,0.547,2.0,-3.1,-0.5,,,,,,,,,,,,,,,,0
Toumani Camara,2024-25,24.0,POR,PF,78.0,78.0,32.7,5.8,2.2,1.5,0.6,11.3,12.5,14.4,0.572,5.2,-0.1,1.2,3.8000000000000007,0.8999999999999995,1.0000000000000002,1.9000000000000004,0.5999999999999996,0.02499999999999991,3.0,3.2,1.7,0.9390954854831671,0.5638808872967709,0.050089757295393424,0.4480389321434677,1.4566350387704374,0.69,1
Trae Young,2020-21,22.0,ATL,PG,63.0,63.0,33.7,3.9,9.4,0.8,0.2,25.3,23.0,33.0,0.589,7.2,3.7,3.0,,,,,,,,,,,,,,,,0
Trae Young,2021-22,23.0,ATL,PG,76.0,76.0,34.9,3.7,9.7,0.9,0.1,28.4,25.4,34.4,0.603,10.0,5.2,4.8,3.099999999999998,-0.19999999999999973,0.29999999999999893,2.3999999999999986,1.3999999999999986,0.014000000000000012,1.5,2.8,1.7999999999999998,0.7177361593726519,0.7780592703803318,0.33315311803896414,0.19259258114695882,1.2424663568769856,0.65,1
Trae Young,2022-23,24.0,ATL,PG,73.0,73.0,34.8,3.0,10.2,1.1,0.1,26.2,22.0,32.6,0.573,6.7,3.3,3.4,-2.1999999999999993,-0.7000000000000002,0.5,-3.3999999999999986,-1.7999999999999972,-0.030000000000000027,-1.9000000000000004,-3.3,-1.4,-0.95827016689267,-1.7064099733889826,-0.7991003249353188,-0.8291928228390871,-2.0236060419981503,-1.26,0
Trayce Jackson-Davis,2023-24,23.0,GSW,PF,68.0,16.0,16.6,5.0,1.2,0.4,1.1,7.9,21.6,16.4,0.692,4.8,2.8,1.4,,,,,,,,,,,,,,,,0
Trayce Jackson-Davis,2024-25,24.0,GSW,C,62.0,37.0,15.6,5.0,1.7,0.4,0.6,6.6,18.5,17.1,0.587,3.4,1.2,0.8,-1.3000000000000007,0.0,0.5,-3.1000000000000014,0.7000000000000028,-0.10499999999999998,-1.5999999999999999,-1.4,-0.5999999999999999,-0.6736653190362948,-1.5779029435388467,0.08547267738834094,-2.57087248872439,-1.0063048030042554,-1.15,0
Tre Jones,2021-22,22.0,SAS,PG,69.0,11.0,16.6,2.2,3.4,0.6,0.1,6.0,15.0,15.6,0.545,2.9,-0.5,0.4,,,,,,,,,,,,,,,,0
Tre Jones,2022-23,23.0,SAS,PG,68.0,65.0,29.2,3.6,6.6,1.3,0.1,12.9,16.0,19.3,0.534,3.4,-1.0,0.5,6.9,1.4,3.1999999999999997,1.0,3.700000000000001,-0.01100000000000001,-0.5,0.5,0.09999999999999998,1.9194010725440165,0.17835979774635968,1.146960280176732,-0.38796730748147634,0.010996435989639336,0.57,0
Tre Jones,2023-24,24.0,SAS,PG,77.0,48.0,27.8,3.8,6.2,1.0,0.1,10.0,14.7,15.2,0.591,4.9,-0.4,0.9,-2.9000000000000004,0.19999999999999973,-0.39999999999999947,-1.3000000000000007,-4.100000000000001,0.05699999999999994,0.6,1.5000000000000004,0.4,-1.1796294930031845,-0.8068607644380243,-1.612907487073087,1.1911555895878647,0.5464181407232684,-0.37,0
Tre Mann,2021-22,20.0,OKC,PG,60.0,26.0,22.8,2.9,1.5,0.8,0.2,10.4,10.2,22.0,0.501,0.1,-4.4,-0.8,,,,,,,,,,,,,,,,0
Tre Mann,2022-23,21.0,OKC,PG,67.0,5.0,17.7,2.3,1.8,0.6,0.2,7.7,10.0,20.7,0.492,0.5,-3.9,-0.6,-2.7,-0.6000000000000001,0.30000000000000004,-0.1999999999999993,-1.3000000000000007,-0.009000000000000008,0.5000000000000004,0.4,0.20000000000000007,-1.1163839712573234,-0.3356683216541881,-0.6221857244705881,-0.3415225163912015,-0.04254573448372354,-0.49,0
Tre Mann,2023-24,22.0,2TM,PG,41.0,28.0,24.1,3.6,4.0,1.2,0.1,9.3,13.7,18.2,0.559,1.2,-1.3,0.2,1.6000000000000005,1.3000000000000003,2.2,3.6999999999999993,-2.5,0.06700000000000006,2.5999999999999996,0.7,0.8,0.24339474627869354,1.3349230663975924,-1.0467807655859445,1.4233795450392412,0.1180807769363651,0.41,0
Trendon Watford,2021-22,21.0,POR,SF,48.0,10.0,18.1,4.1,1.7,0.5,0.6,7.6,15.8,17.6,0.59,1.9,-1.7,0.1,,,,,,,,,,,,,,,,0
Trendon Watford,2022-23,22.0,POR,PF,62.0,12.0,19.1,3.8,2.1,0.5,0.2,7.4,13.6,16.1,0.625,2.1,-1.8,0.1,-0.1999999999999993,-0.2999999999999998,0.40000000000000013,-2.200000000000001,-1.5,0.03500000000000003,-0.10000000000000009,0.20000000000000018,0.0,-0.3258149494340576,-1.1923818539884357,-0.6929515646564806,0.6802628875948443,-0.14963007543044923,-0.34,0
Trendon Watford,2023-24,23.0,BRK,PF,63.0,2.0,13.6,3.1,1.3,0.4,0.3,6.9,15.7,21.1,0.611,1.8,-0.5,0.3,-0.5,-0.6999999999999997,-0.8,2.0999999999999996,5.0,-0.014000000000000012,1.3,-0.30000000000000004,0.19999999999999998,-0.4206832320528497,0.6495522405301952,1.6069382413850348,-0.45763449411688856,-0.4173409277972638,0.19,0
Trendon Watford,2024-25,24.0,BRK,PF,44.0,6.0,20.8,3.6,2.6,0.6,0.3,10.2,13.0,23.3,0.557,0.7,-3.1,-0.3,3.299999999999999,0.5,1.3,-2.6999999999999993,2.1999999999999993,-0.05399999999999994,-2.6,-1.1,-0.6,0.7809816811185135,-1.4065602370719965,0.6162164787825355,-1.3865303159223823,-0.845678291584167,-0.45,0
Trent Forrest,2021-22,23.0,UTA,PG,60.0,6.0,12.8,1.7,1.8,0.5,0.1,3.3,10.9,12.8,0.554,1.3,-1.0,0.2,,,,,,,,,,,,,,,,0
Trent Forrest,2022-23,24.0,ATL,SG,23.0,3.0,12.0,1.6,1.7,0.3,0.1,2.3,6.1,11.6,0.424,-0.1,-5.1,-0.2,-1.0,-0.09999999999999987,-0.10000000000000009,-4.800000000000001,-1.200000000000001,-0.13000000000000006,-4.1,-1.4000000000000001,-0.4,-0.5787970364175028,-2.3061094460229565,-0.5868028043776418,-3.1514323773528266,-1.0063048030042556,-1.53,0
Trey Jemison,2023-24,24.0,2TM,C,25.0,14.0,22.9,5.4,1.1,0.5,1.1,6.8,11.8,13.5,0.582,0.9,-5.1,-0.5,,,,,,,,,,,,,,,,0
Trey Murphy III,2021-22,21.0,NOP,SF,62.0,1.0,13.9,2.4,0.6,0.4,0.1,5.4,12.5,15.7,0.558,1.9,-1.2,0.2,,,,,,,,,,,,,,,,0
Trey Murphy III,2022-23,22.0,NOP,SF,79.0,65.0,31.0,3.6,1.4,1.1,0.5,14.5,15.2,16.6,0.65,7.6,1.8,2.3,9.1,1.2000000000000002,0.7999999999999999,2.6999999999999993,0.9000000000000021,0.09199999999999997,3.0,5.699999999999999,2.0999999999999996,2.61510181174849,0.9065663002304691,0.15623851757423346,2.003939433667674,2.795189300604509,1.7,1
Trey Murphy III,2023-24,23.0,NOP,SF,57.0,23.0,29.6,4.9,2.2,0.9,0.5,14.8,16.3,18.6,0.612,5.4,2.5,1.9,0.3000000000000007,1.3000000000000003,0.8000000000000003,1.1000000000000014,2.0,-0.038000000000000034,0.7,-2.1999999999999993,-0.3999999999999999,-0.16770114506940445,0.22119547436307263,0.545450638596643,-1.0149719872001863,-1.4346421667911582,-0.37,0
Trey Murphy III,2024-25,24.0,NOP,SF,53.0,51.0,35.0,5.1,3.5,1.1,0.7,21.2,17.3,23.7,0.598,3.5,0.8,1.3,6.399999999999999,0.1999999999999993,1.2999999999999998,1.0,5.099999999999998,-0.014000000000000012,-1.7,-1.9000000000000004,-0.5999999999999999,1.7612872681793628,0.17835979774635968,1.6423211614779805,-0.45763449411688856,-1.2740156553710702,0.37,0
Tristan Da Silva,2024-25,23.0,ORL,SF,74.0,38.0,22.0,3.3,1.5,0.4,0.2,7.2,9.9,15.2,0.522,2.5,-2.6,-0.3,,,,,,,,,,,,,,,,0
Tristan Vukcevic,2024-25,21.0,WAS,C,35.0,1.0,14.7,3.7,1.1,0.3,0.7,9.4,17.8,25.7,0.608,0.7,-0.5,0.2,,,,,,,,,,,,,,,,0
Troy Brown Jr.,2020-21,21.0,2TM,SF,34.0,0.0,15.4,3.1,0.9,0.3,0.2,4.7,8.5,14.0,0.525,0.5,-4.0,-0.3,,,,,,,,,,,,,,,,0
Troy Brown Jr.,2021-22,22.0,CHI,SF,66.0,7.0,16.0,3.1,1.0,0.5,0.1,4.3,10.1,12.3,0.525,1.4,-1.8,0.1,-0.40000000000000036,0.0,0.09999999999999998,1.5999999999999996,-1.6999999999999993,0.0,2.2,0.8999999999999999,0.4,-0.38906047117991915,0.43537385744663354,-0.7637174048423732,-0.13252095648496487,0.22516511788309085,-0.12,0
Troy Brown Jr.,2022-23,23.0,LAL,SF,76.0,45.0,24.5,4.1,1.3,0.8,0.2,7.1,9.6,12.1,0.561,2.9,-1.0,0.5,2.8,0.9999999999999996,0.30000000000000004,-0.5,-0.20000000000000107,0.03600000000000003,0.8,1.5,0.4,0.6228678767538607,-0.4641753515043254,-0.23297360344817794,0.7034852831399817,0.5464181407232682,0.24,0
Troy Brown Jr.,2023-24,24.0,2TM,SF,59.0,15.0,14.0,2.4,1.0,0.4,0.1,4.2,8.8,14.3,0.51,0.8,-2.6,-0.1,-2.8999999999999995,-1.6999999999999997,-0.30000000000000004,-0.7999999999999989,2.200000000000001,-0.051000000000000045,-1.6,-2.0999999999999996,-0.6,-1.1796294930031843,-0.5926823813544619,0.6162164787825362,-1.3168631292869726,-1.3810999963177955,-0.77,0
Ty Jerome,2020-21,23.0,OKC,SG,33.0,1.0,23.9,2.8,3.6,0.6,0.2,10.7,13.4,18.8,0.585,1.3,-0.7,0.3,,,,,,,,,,,,,,,,0
Ty Jerome,2021-22,24.0,OKC,SG,48.0,4.0,16.7,1.6,2.3,0.6,0.1,7.1,11.3,20.8,0.488,0.5,-2.3,-0.1,-3.5999999999999996,-1.1999999999999997,-1.3000000000000003,-2.0999999999999996,2.0,-0.09699999999999998,-1.5999999999999999,-0.8,-0.4,-1.4009888191136985,-1.1495461773717226,0.545450638596643,-2.3850933243632904,-0.6850517801640782,-1.02,0
TyTy Washington Jr.,2022-23,21.0,HOU,PG,31.0,2.0,14.0,1.5,1.5,0.5,0.1,4.7,7.5,17.4,0.432,-0.1,-6.3,-0.5,,,,,,,,,,,,,,,,0
Tyler Cook,2020-21,23.0,2TM,SF,32.0,1.0,13.7,3.0,0.5,0.3,0.1,4.9,12.8,13.9,0.659,0.8,-3.0,-0.1,,,,,,,,,,,,,,,,0
Tyler Herro,2020-21,21.0,MIA,SG,54.0,15.0,30.3,5.0,3.4,0.6,0.3,15.1,13.3,23.5,0.543,1.7,-1.3,0.3,,,,,,,,,,,,,,,,0
Tyler Herro,2021-22,22.0,MIA,SG,66.0,10.0,32.6,5.0,4.0,0.7,0.1,20.7,16.2,28.8,0.561,3.8,0.7,1.5,5.6,0.0,0.6000000000000001,2.8999999999999986,5.300000000000001,0.018000000000000016,2.0,2.0999999999999996,1.2,1.508305181195918,0.9922376534638935,1.7130870016638742,0.2854821633275084,0.8676711635634453,1.07,1
Tyler Herro,2022-23,23.0,MIA,SG,67.0,67.0,34.9,5.4,4.2,0.8,0.2,20.1,15.3,25.6,0.566,3.5,0.6,1.6,-0.5999999999999979,0.40000000000000036,0.20000000000000018,-0.8999999999999986,-3.1999999999999993,0.004999999999999893,-0.09999999999999998,-0.2999999999999998,0.10000000000000009,-0.4523059929257796,-0.6355180579711741,-1.294461206236569,-0.016408978759280428,-0.41734092779726367,-0.56,0
Tyler Herro,2023-24,24.0,MIA,SG,42.0,40.0,33.5,5.3,4.5,0.7,0.1,20.8,15.7,27.8,0.558,2.0,0.8,1.0,0.6999999999999993,-0.10000000000000053,0.2999999999999998,0.3999999999999986,2.1999999999999993,-0.007999999999999896,0.20000000000000007,-1.5,-0.6000000000000001,-0.04121010157768243,-0.07865426195391496,0.6162164787825355,-0.3183001208460615,-1.0598469734776184,-0.18,0
Tyrese Haliburton,2020-21,20.0,SAC,PG,58.0,20.0,30.1,3.0,5.3,1.3,0.5,13.0,16.2,18.1,0.585,3.5,1.4,1.5,,,,,,,,,,,,,,,,0
Tyrese Haliburton,2021-22,21.0,2TM,PG,77.0,77.0,35.0,4.0,8.2,1.7,0.6,15.3,18.2,19.0,0.595,7.0,2.6,3.1,2.3000000000000007,1.0,2.8999999999999995,2.0,0.8999999999999986,0.010000000000000009,1.2000000000000002,3.5,1.6,0.4647540723892079,0.606716563913483,0.1562385175742322,0.09970299896640918,1.6172615501905259,0.59,1
Tyrese Haliburton,2022-23,22.0,IND,PG,56.0,56.0,33.6,3.7,10.4,1.6,0.4,20.7,23.6,23.8,0.624,7.6,7.2,4.4,5.399999999999999,-0.2999999999999998,2.200000000000001,5.400000000000002,4.800000000000001,0.029000000000000026,4.6,0.5999999999999996,1.3000000000000003,1.4450596594500564,2.063129568881703,1.5361724011991422,0.5409285143240199,0.06453860646300204,1.13,1
Tyrese Haliburton,2023-24,23.0,IND,PG,69.0,68.0,32.2,3.9,10.9,1.2,0.7,20.1,23.3,24.6,0.605,9.0,6.9,5.0,-0.5999999999999979,0.19999999999999973,0.5,-0.3000000000000007,0.8000000000000007,-0.019000000000000017,-0.2999999999999998,1.4000000000000004,0.5999999999999996,-0.4523059929257796,-0.37850399827090103,0.12085559748128658,-0.5737464718425755,0.49287597024990554,-0.16,0
Tyrese Haliburton,2024-25,24.0,IND,PG,73.0,73.0,33.6,3.5,9.2,1.4,0.7,18.6,21.8,21.6,0.616,10.4,5.8,4.9,-1.5,-0.3999999999999999,-1.700000000000001,-1.5,-3.0,0.01100000000000001,-1.1000000000000005,1.4000000000000004,-0.09999999999999964,-0.7369108407821559,-0.8925321176714488,-1.2236953660506764,0.12292539451154659,0.49287597024990554,-0.45,0
Tyrese Maxey,2020-21,20.0,PHI,SG,61.0,8.0,15.3,1.7,2.0,0.4,0.2,8.0,14.5,23.0,0.531,1.9,-1.5,0.1,,,,,,,,,,,,,,,,0
Tyrese Maxey,2021-22,21.0,PHI,PG,75.0,74.0,35.3,3.2,4.3,0.7,0.4,17.5,16.2,20.2,0.594,7.3,0.6,1.8,9.5,1.5000000000000002,2.3,1.6999999999999993,-2.8000000000000007,0.06299999999999994,2.1,5.4,1.7,2.7415928552402122,0.47820953406334576,-1.1529295258647838,1.330489962858689,2.6345627891844208,1.21,1
Tyrese Maxey,2022-23,22.0,PHI,SG,60.0,41.0,33.6,2.9,3.5,0.8,0.1,20.3,17.0,24.1,0.605,5.4,0.6,1.3,2.8000000000000007,-0.30000000000000027,-0.7999999999999998,0.8000000000000007,3.900000000000002,0.01100000000000001,0.0,-1.8999999999999995,-0.5,0.622867876753861,0.0926884445129353,1.217726120362625,0.12292539451154659,-1.2740156553710698,0.16,0
Tyrese Maxey,2023-24,23.0,PHI,PG,70.0,70.0,37.5,3.7,6.2,1.0,0.5,25.9,19.8,28.0,0.573,8.1,3.1,3.4,5.599999999999998,0.8000000000000003,2.7,2.8000000000000007,3.8999999999999986,-0.03200000000000003,2.5,2.6999999999999993,2.0999999999999996,1.5083051811959176,0.9494019768471821,1.217726120362624,-0.8756376139293619,1.1889241864036224,0.8,1
Tyrese Maxey,2024-25,24.0,PHI,PG,52.0,52.0,37.7,3.3,6.1,1.8,0.4,26.3,19.5,29.8,0.562,3.8,2.0,2.0,0.40000000000000213,-0.40000000000000036,-0.10000000000000053,-0.3000000000000007,1.8000000000000007,-0.010999999999999899,-1.1,-4.3,-1.4,-0.1360783841964734,-0.37850399827090103,0.47468479841075045,-0.38796730748147373,-2.559027746731779,-0.6,0
Tyus Jones,2020-21,24.0,MEM,PG,70.0,9.0,17.5,2.0,3.7,0.9,0.1,6.3,15.0,16.6,0.511,2.8,0.8,0.9,,,,,,,,,,,,,,,,0
Usman Garuba,2022-23,20.0,HOU,C,75.0,1.0,12.9,4.1,0.9,0.6,0.4,3.0,12.9,10.5,0.569,1.8,-1.4,0.2,,,,,,,,,,,,,,,,0
Victor Wembanyama,2023-24,20.0,SAS,C,71.0,71.0,29.7,10.6,3.9,1.2,3.6,21.4,23.1,32.2,0.565,3.7,5.2,3.8,,,,,,,,,,,,,,,,0
Victor Wembanyama,2024-25,21.0,SAS,C,46.0,46.0,33.2,11.0,3.7,1.1,3.8,24.3,24.2,30.4,0.594,3.8,6.5,3.3,2.900000000000002,0.40000000000000036,-0.19999999999999973,1.0999999999999979,-1.8000000000000043,0.029000000000000026,1.2999999999999998,0.09999999999999964,-0.5,0.654490637626792,0.2211954743630711,-0.7991003249353212,0.5409285143240199,-0.20317224590381242,0.08,0
Vince Williams Jr.,2023-24,23.0,MEM,SG,52.0,33.0,27.6,5.6,3.4,0.9,0.7,10.0,12.8,15.8,0.597,2.8,-0.7,0.5,,,,,,,,,,,,,,,,0
Vince Williams Jr.,2024-25,24.0,MEM,SG,27.0,5.0,18.5,3.6,2.0,0.4,0.3,6.6,9.2,17.0,0.504,0.4,-2.8,-0.1,-3.4000000000000004,-1.9999999999999996,-1.4,-3.6000000000000014,1.1999999999999993,-0.09299999999999997,-2.0999999999999996,-2.4,-0.6,-1.3377432973678376,-1.7920813266224087,0.26238727785307164,-2.292203742182741,-1.5417265077378843,-1.34,0
Vit Krejci,2021-22,21.0,OKC,SG,30.0,8.0,23.0,3.4,1.9,0.6,0.3,6.2,8.5,12.9,0.529,0.6,-5.3,-0.6,,,,,,,,,,,,,,,,0
Vit Krejci,2023-24,23.0,ATL,PG,22.0,14.0,24.6,2.4,2.3,0.6,0.3,6.1,8.4,9.8,0.633,0.6,-3.7,-0.2,-0.10000000000000053,-1.0,0.3999999999999999,-0.09999999999999964,-3.0999999999999996,0.10399999999999998,1.5999999999999996,0.0,0.39999999999999997,-0.29419218856112733,-0.2928326450374759,-1.2590782861436227,2.2826081802093228,-0.2567144163771751,0.04,0
Vit Krejci,2024-25,24.0,ATL,PG,57.0,16.0,20.2,2.7,2.6,0.6,0.5,7.2,12.7,12.9,0.661,2.6,0.7,0.8,1.1000000000000005,0.30000000000000027,0.30000000000000027,4.299999999999999,3.0999999999999996,0.028000000000000025,4.4,2.0,1.0,0.08528094191404044,1.5919371260978663,0.9346627596190531,0.5177061187788825,0.8141289930900827,0.79,1
Walker Kessler,2022-23,21.0,UTA,C,74.0,40.0,23.0,8.4,0.9,0.4,2.3,9.2,21.5,13.3,0.702,7.1,2.9,2.1,,,,,,,,,,,,,,,,0
Walker Kessler,2023-24,22.0,UTA,C,64.0,22.0,23.3,7.5,0.9,0.5,2.4,8.1,18.0,12.8,0.663,4.1,0.9,1.1,-1.0999999999999996,-0.9000000000000004,0.0,-3.5,-0.5,-0.038999999999999924,-2.0,-3.0,-1.0,-0.6104197972904333,-1.7492456500056957,-0.3391223637270167,-1.0381943827453213,-1.8629795305780616,-1.12,0
Walker Kessler,2024-25,23.0,UTA,C,58.0,58.0,30.0,12.2,1.7,0.6,2.4,11.1,20.0,13.7,0.66,5.4,1.8,1.7,3.0,4.699999999999999,0.7999999999999999,2.0,0.8999999999999986,-0.0030000000000000027,0.9,1.3000000000000007,0.5999999999999999,0.686113398499722,0.606716563913483,0.1562385175742322,-0.20218814312037708,0.4393337997765428,0.34,0
Wendell Carter Jr.,2020-21,21.0,2TM,C,54.0,44.0,25.5,8.2,1.9,0.6,0.8,11.2,16.7,19.3,0.566,3.4,-1.3,0.2,,,,,,,,,,,,,,,,0
Wendell Carter Jr.,2021-22,22.0,ORL,PF,62.0,61.0,29.9,10.5,2.8,0.6,0.7,15.0,18.4,20.9,0.601,5.0,1.6,1.7,3.8000000000000007,2.3000000000000007,0.8999999999999999,1.6999999999999993,1.5999999999999979,0.03500000000000003,2.9000000000000004,1.6,1.5,0.9390954854831671,0.47820953406334576,0.4039189582248567,0.6802628875948443,0.5999603111966312,0.62,1
Wendell Carter Jr.,2022-23,23.0,ORL,C,57.0,54.0,29.6,8.7,2.3,0.5,0.6,15.2,17.3,20.5,0.621,4.6,1.0,1.3,0.1999999999999993,-1.8000000000000007,-0.5,-1.0999999999999979,-0.3999999999999986,0.020000000000000018,-0.6000000000000001,-0.40000000000000036,-0.3999999999999999,-0.1993239059423355,-0.7211894112045985,-0.30373944363406985,0.33192695441778325,-0.47088309827062685,-0.27,0
Wendell Carter Jr.,2023-24,24.0,ORL,C,55.0,48.0,25.6,6.9,1.7,0.6,0.5,11.0,15.9,17.2,0.623,4.4,0.9,1.0,-4.199999999999999,-1.799999999999999,-0.5999999999999999,-1.4000000000000004,-3.3000000000000007,0.0020000000000000018,-0.09999999999999998,-0.1999999999999993,-0.30000000000000004,-1.5907253843512823,-0.8496964410547366,-1.3298441263295158,-0.08607616539469007,-0.3637987573239005,-0.84,0
Wendell Moore Jr.,2024-25,23.0,2TM,SG,36.0,1.0,13.9,2.6,1.2,0.6,0.1,4.2,11.0,13.8,0.553,0.7,-2.7,-0.1,,,,,,,,,,,,,,,,0
Wenyen Gabriel,2021-22,24.0,3TM,PF,26.0,5.0,13.8,3.7,0.5,0.2,0.4,5.4,12.5,17.4,0.549,0.7,-5.9,-0.4,,,,,,,,,,,,,,,,0
Xavier Tillman Sr.,2020-21,22.0,MEM,PF,59.0,12.0,18.4,4.3,1.3,0.7,0.6,6.6,14.7,14.3,0.605,2.9,-0.2,0.5,,,,,,,,,,,,,,,,0
Xavier Tillman Sr.,2021-22,23.0,MEM,PF,53.0,2.0,13.2,3.0,1.2,0.9,0.3,4.8,15.1,16.4,0.51,1.8,0.7,0.5,-1.7999999999999998,-1.2999999999999998,-0.10000000000000009,0.40000000000000036,2.099999999999998,-0.09499999999999997,0.8999999999999999,-1.0999999999999999,0.0,-0.8317791234009476,-0.0786542619539142,0.5808335586895886,-2.3386485332730156,-0.8456782915841669,-0.7,0
Xavier Tillman Sr.,2022-23,24.0,MEM,C,61.0,29.0,19.3,5.0,1.6,1.0,0.5,7.0,17.3,13.7,0.621,4.2,1.9,1.2,2.2,2.0,0.40000000000000013,2.200000000000001,-2.6999999999999993,0.11099999999999999,1.2,2.4000000000000004,0.7,0.4331313115162771,0.6923879171469082,-1.117546605771837,2.4451649490252847,1.0282976749835344,0.7,1
Yves Missi,2024-25,20.0,NOP,C,73.0,67.0,26.8,8.2,1.4,0.5,1.3,9.1,15.4,14.3,0.572,3.6,-3.0,-0.5,,,,,,,,,,,,,,,,0
Zaccharie Risacher,2024-25,19.0,ATL,SF,75.0,73.0,24.6,3.6,1.2,0.7,0.5,12.6,12.2,20.9,0.558,1.8,-3.5,-0.7,,,,,,,,,,,,,,,,0
Zach Collins,2021-22,24.0,SAS,C,28.0,4.0,17.9,5.5,2.2,0.5,0.8,7.8,16.4,19.2,0.594,1.2,-0.2,0.2,,,,,,,,,,,,,,,,0
Zach Edey,2024-25,22.0,MEM,C,66.0,55.0,21.5,8.3,1.0,0.5,1.3,9.2,18.2,16.4,0.624,4.9,-0.1,0.7,,,,,,,,,,,,,,,,0
Zeke Nnaji,2021-22,21.0,DEN,PF,41.0,1.0,17.0,3.6,0.4,0.4,0.3,6.6,13.5,14.9,0.629,1.8,-2.2,0.0,,,,,,,,,,,,,,,,0
Zeke Nnaji,2022-23,22.0,DEN,PF,53.0,5.0,13.7,2.6,0.3,0.3,0.4,5.2,12.5,15.2,0.62,1.6,-3.7,-0.3,-1.3999999999999995,-1.0,-0.10000000000000003,-1.0,0.29999999999999893,-0.009000000000000008,-1.5,-0.19999999999999996,-0.3,-0.705288079909225,-0.6783537345878871,-0.05605900298344599,-0.3415225163912015,-0.3637987573239009,-0.43,0
Ziaire Williams,2021-22,20.0,MEM,SF,62.0,31.0,21.7,2.1,1.0,0.6,0.2,8.1,9.7,14.9,0.559,2.2,-3.0,-0.3,,,,,,,,,,,,,,,,0
Ziaire Williams,2022-23,21.0,MEM,SF,37.0,4.0,15.2,2.1,0.9,0.4,0.2,5.7,7.4,18.0,0.511,0.1,-5.6,-0.5,-2.3999999999999995,0.0,-0.09999999999999998,-2.299999999999999,3.0999999999999996,-0.04800000000000004,-2.5999999999999996,-2.1,-0.2,-1.0215156886385313,-1.235217530605147,0.9346627596190531,-1.2471959426515604,-1.381099996317796,-0.79,0
Ziaire Williams,2023-24,22.0,MEM,SF,51.0,15.0,20.4,3.5,1.5,0.7,0.2,8.2,9.3,19.7,0.511,0.2,-4.5,-0.6,2.499999999999999,1.4,0.6,1.9000000000000004,1.6999999999999993,0.0,1.0999999999999996,0.1,-0.09999999999999998,0.5279995941350686,0.5638808872967709,0.4393018783178036,-0.13252095648496487,-0.20317224590381222,0.24,0
Ziaire Williams,2024-25,23.0,BRK,SF,63.0,45.0,24.5,4.6,1.3,1.0,0.4,10.0,11.9,18.2,0.55,2.1,-2.3,-0.1,1.8000000000000007,1.0999999999999996,-0.19999999999999996,2.5999999999999996,-1.5,0.039000000000000035,2.2,1.9000000000000001,0.5,0.30664026802455485,0.863730623613757,-0.6929515646564806,0.7731524697753939,0.7605868226167198,0.4,0
Zion Williamson,2020-21,20.0,NOP,PF,61.0,61.0,33.2,7.2,3.7,0.9,0.6,27.0,27.1,29.8,0.649,8.7,5.8,4.0,,,,,,,,,,,,,,,,0
Zion Williamson,2022-23,22.0,NOP,PF,29.0,29.0,33.0,7.0,4.6,1.1,0.6,26.0,25.2,30.4,0.652,3.6,5.8,1.9,-1.0,-0.20000000000000018,0.8999999999999995,-1.9000000000000021,0.5999999999999979,0.0030000000000000027,0.0,-5.1,-2.1,-0.5787970364175028,-1.063874824138299,0.0500897572953928,-0.06285376984955267,-2.9873651105186823,-0.93,0
Zion Williamson,2023-24,23.0,NOP,PF,70.0,70.0,31.5,5.8,5.0,1.1,0.7,22.9,22.8,29.7,0.61,7.5,3.8,3.3,-3.1000000000000014,-1.2000000000000002,0.40000000000000036,-2.3999999999999986,-0.6999999999999993,-0.04200000000000004,-2.0,3.9,1.4,-1.2428750147490462,-1.2780532072218591,-0.40988820391290925,-1.1078615693807359,1.8314302320839775,-0.44,0
Zion Williamson,2024-25,24.0,NOP,PF,30.0,30.0,28.6,7.2,5.3,1.2,0.9,24.6,27.3,34.7,0.6,2.5,7.0,1.9,1.7000000000000028,1.4000000000000004,0.2999999999999998,4.5,5.0000000000000036,-0.010000000000000009,3.2,-5.0,-1.4,0.2750175071516249,1.6776084793312915,1.606938241385036,-0.3647449119363389,-2.9338229400453195,0.05,0
